patient_id,ID,clinical_note
1,263442,"A pedigree of branchio-oto-renal dysplasia (the BOR syndrome) is reported, including the documentation by serial audiometric studies of the onset and rapid progression of hearing loss in the twin sister of an affected child. The literature on this syndrome is analyzed to derive some figures for use in genetic counseling of such families. Branchio-oto-renal dysplasia is an autosomal dominant disorder in which affected individuals may have preauricular pits, lachrymal duct stenosis, hearing loss, branchial fistulas or cysts, structural defects of the outer, middle, and inner ear, and renal anomalies, which may range from mild hypoplasia to complete absence. Not all features of the syndrome are expressed in all carriers of the gene, but few carriers lack all the features, and the pits, branchial clefts, and hearing loss, are frequently expressed. Those offspring of affected persons who have pits or fistulas are likely (about 80%) to have hearing loss of varying degrees of severity. A minority of heterozygotes (about 7%) may have hearing loss without pits or fistulas. The risk of severe renal malformation is probably fairly low. Whether families that show dominant inheritance of pits, clefts, and deafness without renal anomalies represent variants of the BOR syndrome or a separate entity (the BO syndrome), is still not clear. At present, any individual with preauricular pits and branchial clefts deserves both otologic and renal investigation."
2,292745,"This paper is based on our experience with the Gorlin-Goltz syndrome and on data from 14 patients of the Nordwestdeutsche Kieferklinik in whom this disorder was detected, treated and followed up. A clinical concept has been produced, with a diagnostic check list including a genetic and a dermatological routine work up as well as a radiological survey of the jaws and skeleton. Whenever multiple basal cell carcinomas plus the typical jaw lesions are found in a patient, the diagnosis is easy. A minimum diagnostic criterion is the combination of either the skin tumours or multiple odontogenic keratocysts plus a positive family history for this disorder, bifid ribs, lamellar calcification of the falx cerebri or any one of the skeletal abnormalities typical of this syndrome. All those in whom this disorder is diagnosed or suspected should be followed up for the rest of their lives. The family should be examined and genetic counselling should be offered."
3,509397,"We have reviewed a series of 36 patients with the basal cell nevus syndrome seen at Roswell Park Memorial Institute from 1950 to 1978. Among these patients a number of disastrous complications occurred. These include extensive uncontrolled basal cell epithelioma of the face resulting in one death from direct cerebral invasion via the orbit, one facial nerve palsy, two bilateral and two unilateral eye enucleations, and several severe facial mutilations in young patients. There were three patients who developed severe bradycardia and hypotension during induction of general anesthesia required postponement of the intended operation, and one patient with congenital hemiparesis who on investigation was found to have an absent internal carotid artery. A review of the syndrome complex is presented with a plan for recognition and management."
4,657583,"Three families are presented, one with branchio-oto-renal dysplasia (BOR) and two with branchio-oto dysplasia (BO). The former syndrome is characterized by external ear malformations, cervical fistulae, mixed hearing loss and renal anomalies of varying severity. The latter syndrome differs in that there are no renal anomalies and that the sensorineural component of the hearing loss may be absent. The external ear malformations are quite variable in both syndromes. Evidence is presented which supports the idea that these two syndromes are not phenotypic variants of the same autosomal dominant mutation but distinct disease entities. The BOR syndrome appears to belong to a larger group of hereditary ear dysplasia-renal adysplasia syndromes that must be carefully ruled out in all patients with familial branchial arch malformations as well as in the parents and siblings of infants with ""Potter facies"" in the presence of auricular malformation and renal adysplasia."
5,730159,"The basal cell nevus syndrome is characterized by multiple basal cell nevi and basal cell carcinoma, cysts of the jaw, anomalies of ribs and spine, abnormal calcifications, and additional anomalies of the facial skull. A German family is described with manifestations of the syndrome in the mother and her three daughters. Expressivity was variable, in part due to age effects. The observation conforms to the assumed autosomal dominant mode of inheritance with high penetrance."
6,955942,"Six cases of this syndrome previously reported in Great Britain and in Canada are reviewed in relation to a personal case, a 17-month-old boy. The syndrome's main features are microbrachycephaly and peculiar face, mental deficiency with euphoria and laughter, ataxia and epilepsy consisting in infantile spasms and grand-mal attacks. Though its precise nature and cause still remain unknown, the syndrome seems neither familial nor progressive."
7,998578,"A woman with the autosomal dominant syndrome of preauricular pits, cervical fistulae, and partial deafness gave birth to two children with preauricular pits and severe renal dysgenesis. The facies had some features of the Potter facies of renal agenesis. One child died soon after birth because of pneumothorax and immature development of the lungs. We suggest that all infants with renal agenesis or dysgenesis be examined for preauricular pits because of the high recurrence risk of renal anomalies in families with this syndrome."
8,1003450,"A syndrome of brachydactyly (absence of some middle or distal phalanges), aplastic or hypoplastic nails, symphalangism (ankylois of proximal interphalangeal joints), synostosis of some carpal and tarsal bones, craniosynostosis, and dysplastic hip joints is reported in five members of an Italian family. It may represent a previously undescribed autosomal dominant trait."
9,1248162,"The present report concerns a two-generation family of nine individuals in which the father and three of the six living children all had: (1) a mixed hearing loss with a Mondini type cochlear malformation and stapes fixation; (2) cup-shaped, anteverted pinnae with bilateral prehelical pits: (3) bilateral branchial cleft fistulas; and (4) bilateral renal dysplasia and anomalies of the collecting system. The father and one affected son also had aplasia of the lacrimal ducts. A fourth child who died at 5 months of age was reported to have branchial cleft fistulas and bilateral polycystic kidneys at autopsy. In addition, the concept of noso-embryologic communities is presented. Such groups are composed of syndromes whose total phenotypic spectra not only overlap but also share common elements in embryogenesis. This concept is illustrated with a group of branchial arch syndromes that are related in this way."
10,1347096,"The Gorlin (naevoid-basal-cell-carcinoma) syndrome is an autosomal dominant disorder characterised by multiple naevoid basal-cell carcinomas, recurrent odontogenic keratocysts, skeletal anomalies, intracranial calcification, and developmental malformations. Characterisation of the gene that causes the syndrome may improve our understanding of the pathogenesis of other basal-cell carcinomas. By linkage analysis, we have shown that the gene is located on chromosome 9q22.3-q31; the most likely position is between DNA markers D9S12 and D9S53. Location of the gene for Gorlin syndrome offers the possibility that DNA markers can be used in risk estimation and presymptomatic identification of patients for surveillance."
11,1348213,"Gorlin syndrome is an autosomal dominant disorder that predisposes to basal cell carcinomas of the skin, ovarian fibromas, and medulloblastomas. Unlike other hereditary disorders associated with cancer, it features widespread developmental defects. To investigate the possibility that the syndrome is caused by mutation in a tumor suppressor gene, we searched for loss of heterozygosity in 16 sporadic basal cell carcinomas, 2 hereditary basal cell carcinomas, and 1 hereditary ovarian fibroma and performed genetic linkage studies in five Gorlin syndrome kindreds. Eleven sporadic basal cell carcinomas and all 3 hereditary tumors had allelic loss of chromosome 9q31, and all informative kindreds showed tight linkage between the Gorlin syndrome gene and a genetic marker in this region. Loss of heterozygosity at this chromosomal location, particularly in hereditary tumors, implies that the gene is homozygously inactivated and normally functions as a tumor suppressor. In contrast, hemizygous germline mutations lead to multiple congenital anomalies."
12,1415348,"We report on a woman who was diagnosed with branchio-oto-renal (BOR) syndrome after 2 pregnancies complicated by oligohydramnios due to renal hypoplasia and agenesis. Both babies died neonatally of pulmonary hypoplasia. Histopathology of the temporal bones of the second child showed marked immaturity of the middle ear cleft, ossicles, facial nerve and canal, and cochlear nerve. Maternal renal ultrasound study was normal although intravenous pyelography indicated renal hypoplasia. The frequency of BOR syndrome among cases of recurrent fetal renal hypoplasia/dysplasia or agenesis is unknown, and parental renal ultrasonography may not identify a heritable renal defect. Investigations should include a family history, and examination of relatives to look for preauricular pits, lacrimal duct stenosis, and branchial fistulae and/or cysts. Hearing studies and IVP may be indicated."
13,1478663,"Branchiootorenal syndrome is an autosomal dominant disorder that affects an estimated 2% of profoundly deaf children. In addition to hearing impairment, it is characterized by a lop-ear deformity, preauricular pits, branchial cleft sinus tracts, and renal anomalies. The pathogenesis of the disease remains unknown; however, the defective gene has been localized to chromosome 8q by family linkage studies."
14,1479598,"A clinical and genetic study of type 2 neurofibromatosis (NF2) has been carried out in the United Kingdom. Virtually complete ascertainment of cases in the north-west of England was achieved and suggests a population incidence of 1 in 33,000 to 40,000. In the UK as a whole, 150 cases have been identified and been used to study the clinical and genetic features of NF2. The autosomal dominant inheritance of NF2 was confirmed, 49% of cases were assessed as representing new mutations, and the mutation rate was estimated to be 6.5 x 10(-6). Evidence to support a maternal gene effect was found in that age at onset was 18.17 years in 36 maternally inherited cases and 24.5 in 20 paternally inherited cases (p = 0.027). The preponderance of maternally inherited cases was also significant (p = 0.03). Data are presented which suggest that there are two types of NF2, one with later onset and bilateral vestibular schwannomas as the only usual feature, and the other with earlier onset and multiple other tumours. A considerable number of cases did not fall easily into one or other group and other factors such as maternal effect on severity and anticipation need to be considered."
15,1479599,"The major defining features, age at onset of symptoms, and survival in 150 patients with type 2 neurofibromatosis (NF2) have been studied. The mean age at onset was 21.57 years (n = 110) and no cases presented after 55 years of age. Patients presented with symptoms attributable to vestibular schwannomas (acoustic neuroma), cranial meningiomas, and spinal tumours. In 97 cases studied personally by the authors, skin and eye examination were found to be useful to detect early signs of the condition. Examination of the skin is likely to assist in early diagnosis in at least 10% of cases and examination of the eye for a lens opacity or cataract in at least as many again. There are marked interfamilial differences in disease severity and tumour susceptibility. Vestibular schwannomas are not fully penetrant, but the condition is usually expressed in another way. Alteration to the current diagnostic criteria is advocated to cover the lack of provision for new mutations. A screening protocol is proposed and the effect of disease heterogeneity on management is discussed."
16,1484939,"The clinical features, age at onset of symptoms and survival of 150 patients with type 2 neurofibromatosis were studied. The mean age at onset was 21.57 years (n = 110) and no patients presented after 55 years of age. Patients presented with symptoms attributable to vestibular schwannomas (acoustic neuroma), cranial meningiomas and spinal tumours. In 100 patients studied personally by the authors 44 per cent presented with deafness and this was unilateral in the majority (35/44). Deafness was accompanied by tinnitus in a further 10 per cent and muscle weakness or wasting was the first symptom in 12 per cent. Less common presenting symptoms were seizures (8 per cent), vertigo (8 per cent) numbness and tingling (2 per cent) and blindness (1 per cent). Eleven patients were diagnosed asymptomatically through screening. Caf√© au lait spots occurred in 43 per cent (n = 43) but only one case had six. Skin tumours were detected in 68 per cent (68/100) and 38 per cent (34/90) had an identifiable lens opacity or cataract. The mean age at death in 40 cases was 36.25 years and all but one death was a result of a complication of neurofibromatosis. There are marked inter-family differences in disease severity and tumour susceptibility."
17,1496981,"The neurofibromatosis type 2 (NF2) gene has been hypothesized to be a recessive tumor suppressor, with mutations at the same locus on chromosome 22 that lead to NF2 also leading to sporadic tumors of the types seen in NF2. Flanking markers for this gene have previously been defined as D22S1 centromeric and D22S28 telomeric. Identification of subregions of this interval that are consistently rearranged in the NF2-related tumors would aid in better defining the disease locus. To this end, we have compared tumor and constitutional DNAs, isolated from 39 unrelated patients with sporadic and NF2-associated acoustic neuromas, meningiomas, schwannomas, and ependymomas, at eight polymorphic loci on chromosome 22. Two of the tumors studied revealed loss-of-heterozygosity patterns, which is consistent with the presence of chromosome 22 terminal deletions. By using additional polymorphic markers, the terminal deletion breakpoint found in one of the tumors, an acoustic neuroma from an NF2 patient, was mapped within the previously defined NF2 region. The breakpoint occurred between the haplotyped markers D22S41/D22S46 and D22S56. This finding redefines the proximal flanking marker and localizes the NF2 gene between markers D22S41/D22S46 and D22S28. In addition, we identified a sporadic acoustic neuroma that reveals a loss-of-heterozygosity pattern consistent with mitotic recombination or deletion and reduplication, which are mechanisms not previously seen in studies of these tumors. This finding, while inconsistent with models of tumorigenesis that invoke single deletions and their gene-dosage effects, lends further support to the recessive tumor-suppressor model."
18,1496982,"Neurofibromatosis type 2 (NF2) is an autosomal dominant syndrome characterized by the development of vestibular schwannomas and other tumors of the nervous system, including cranial and spinal meningiomas, schwannomas, and ependymomas. The presence of bilateral vestibular schwannomas is sufficient for the diagnosis. Skin manifestations are less common than in neurofibromatosis type 1 (NF1; von Recklinghausen disease). The apparent clinical distinction between NF1 and NF2 has been confirmed at the level of the gene locus by linkage studies; the gene for NF1 maps to chromosome 17, whereas the gene for NF2 has been assigned (in a single family) to chromosome 22. To increase the precision of the genetic mapping of NF2 and to determine whether additional susceptibility loci exist, we have performed linkage analysis on 12 families with NF2 by using four polymorphic markers from chromosome 22 and a marker at the NF1 locus on chromosome 17. Our results confirm the assignment of the gene for NF2 to chromosome 22 and do not support the hypothesis of genetic heterogeneity. We believe that chromosome 22 markers can now be used for presymptomatic diagnosis in selected families. The NF2 gene is tightly linked to the D22S32 locus (maximum lod score 4.12; recombination fraction 0). A CA-repeat polymorphism at the CRYB2 locus was the most informative marker in our families (lod score 5.99), but because the observed recombination fraction between NF2 and CRYB2 was 10 cM, predictions using this marker will need to be interpreted with caution."
19,1583664,"A four generation autosomal dominant pedigree of brachydactyly type C is presented with its radiological features. The hands and feet were similarly affected. All the subjects showing these changes had shortening of the big toes and, in addition, had cupped ears."
20,1745350,"We studied two families with an unusual variant of neurofibromatosis (NF). The first family had spinal neurofibromas and caf√© au lait spots (CLS), the second spinal neurofibromas without CLS. Other signs of NF1 or NF2, such as cutaneous tumors, Lisch nodules, or acoustic tumors, were absent. The inheritance pattern in both pedigrees was consistent with autosomal dominant inheritance. Using genetic linkage analysis with DNA markers tightly linked to the NF1 and NF2 loci, we determined that the likely location for the mutation in the first family was in the NF1 gene with odds of 97:1, whereas the mutation in the second family was excluded from the NF1 locus with odds greater than 100,000:1. Families such as these, in which a defined subset of the NF phenotype is passed on, are important for understanding the functional consequences of particular mutations in the NF genes."
21,2012134,"The diagnosis of Angelman syndrome (AS) has seldom been made in infants because the previously described characteristic manifestations usually are not apparent until after age 2 years. We describe 4 AS patients, one of whom has oculocutaneous albinism, who were less than 2 years old when first evaluated. All 4 have deletions of the region q11.2-q13 of chromosome 15. In the 3 cases in which parents were available for study the deleted chromosome 15 was maternally derived, as determined by cytological markers. All of the patients presented with severe to profound global developmental delay and postnatal-onset microcephaly; they had seizures, hypotonia, hyperreflexia, and hyperkinesis. All were hypopigmented as compared to their relatives. Each had eye abnormalities; all had choroidal pigment hypoplasia. None were initially described as having an abnormal appearance. We believe that AS is far more common than previously thought and present these 4 children to emphasize the manifestations that may be helpful in making the diagnosis in the young patient. We also emphasize the hypopigmentation that patients with AS frequently have, including what we think is the first reported case of albinism and AS."
22,2105641,"Neurofibromatosis 2 or bilateral acoustic neurofibromatosis (NF2) is a severe autosomal dominant disorder characterized by the development of multiple tumors of the nervous system, including meningiomas, gliomas, neurofibromas, ependymomas, and particularly acoustic neuromas. Polymorphic DNA markers have revealed frequent loss of one copy of chromosome 22 in the tumor types associated with NF2. Family studies have demonstrated that the primary defect in NF2 is linked to DNA markers on chromosome 22, suggesting that it involves inactivation of a tumor suppressor gene. We have employed a combination of multipoint linkage analysis and examination of deletions in primary tumor specimens to precisely map the NF2 locus between flanking polymorphic DNA markers on chromosome 22. The 13-cM region bracketed by these markers corresponds to 13% of the genetic length of the long arm of chromosome 22 and is expected to contain less than 5 x 10(6) bp of DNA. The delineation of flanking markers for NF2 should permit accurate presymptomatic and prenatal diagnosis for the disorder and greatly facilitate efforts to isolate the defective gene on the basis of its location."
23,2164325,"This paper reports on a family with popliteal pterygium syndrome (PPS), which was ascertained through a baby with most of the major signs of the syndrome. The mother, who had a repaired cleft palate and toe syndactyly, had been aware that her syndactyly was familial, but her unpreparedness for the birth of a child with PPS led to interest in, and a subsequent review of, the differnetial diagnosis and the variable expression of the clinical manifestations of this syndrome. Upon review, some earlier reported cases were excluded as PPS, and certain ascertainment and reporting biases that could affect such an analysis were considered."
24,2282716,"Clinical and genetic data of 10 patients with neurofibromatosis 2 (NF-2) are presented. Interestingly, no family history of neurofibromatosis was detectable in any of them, which indicates that these are sporadic cases of NF-2, most likely due to a new mutational event. According to our own results and the data in the literature, sporadic cases of NF-2 are clinically characterized by a high incidence of multiple meningiomas and spinal tumors in addition to the bilateral occurrence of acoustic neurinomas. The clinical heterogeneity of NF-2 is pointed out and the possible existence of different forms of this disease is discussed."
25,2466440,"Thirty six children with typical features of Angelman's syndrome, including global developmental delay, ataxia, episodes of paroxysmal laughter, seizures, and microcephaly were studied. The series included three sibships of three affected sisters, two affected brothers, and two affected sisters, respectively. The facial appearance is characterised by a prominent jaw, a wide mouth, and a pointed chin. Tongue thrusting is common. The movement disorder consists of a wide based, ataxic gait with frequent jerky limb movements and flapping of the hands. Tone is variable in the limbs with normal reflexes, and the plantar responses are usually flexor. The syndrome is being diagnosed more often, and attention is drawn to its diagnostic aspects."
26,2888021,"Bilateral acoustic neurofibromatosis (BANF) is a severe autosomal dominant disorder involving development of multiple tumours of the nervous system including meningiomas, gliomas, neurofibromas and particularly bilateral acoustic neuromas. We have used genetic linkage analysis with DNA markers to establish that the defective gene causing BANF is on chromosome 22, and is therefore distinct from the gene for the von Recklinghausen form of neurofibromatosis, which maps to chromosome 17. Linked DNA markers will be particularly valuable in BANF, facilitating early detection of tumours and thereby permitting more effective surgical intervention. In view of the reported loss of genes on chromosome 22 in meningiomas and acoustic neuromas, the genetic localization of the primary BANF defect strongly supports the concept that the disease locus encodes a 'tumour suppressor' gene. Isolation of this gene should provide insights into the pathogenesis of acoustic neuromas and other nervous system tumours, as well as into the control of proliferation and differentiation of neural crest cells."
27,3092103,"The application of recombinant DNA techniques has identified two fundamental mechanisms of tumorigenesis in man. The first involves a qualitative or quantitative change in an oncogene (see ref. 1 for review). In the second, discovered in embryonal tumours, a primary mutation occurs which is recessive at the cellular level to the normal allele. The growth of a tumour ensues only after a secondary change, such as chromosome loss or mitotic recombination, eliminates the normal allele, thereby unmasking the altered allele. Because its effect is recessive, the primary mutation may also occur and be transmitted in the germ line, resulting in a familial pattern for the disease. In familial cases, independent bilateral tumours are common, since the tumours result from a single event--loss of the normal genes--which can occur in any cell. This contrasts with non-familial (sporadic) cases where solitary tumours result from the infrequent occurrence of two rare events within the same cell. By a molecular genetic approach we have now shown that acoustic neuroma, one of the most common tumours of the human nervous system, is specifically associated with loss of genes on human chromosome 22 and may result from the mechanism of tumorigenesis discovered in embryonal tumours. This finding might provide a clue to the chromosomal location of the defective gene in bilateral acoustic neurofibromatosis, an autosomal dominant disorder with the hallmark of bilateral acoustic neuromas. In view of the frequent occurrence of meningiomas in patients with bilateral acoustic neurofibromatosis and the association of meningioma with loss of chromosome 22 previously reported in cytogenetic studies, we suggest that a common event underlies tumorigenesis in acoustic neuroma and meningioma."
29,3105060,"Bilateral acoustic neurofibromatosis (BANF) is a genetic defect associated with multiple tumors of neural crest origin. Specific loss of alleles from chromosome 22 was detected with polymorphic DNA markers in two acoustic neuromas, two neurofibromas, and one meningioma from BANF patients. This indicates a common pathogenetic mechanism for all three tumor types. The two neurofibromas were among three taken from the same patient, and both showed loss of identical alleles demonstrating that the same chromosome suffered deletion in both tumors. The third neurofibroma from this patient showed no detectable loss of heterozygosity, which suggests the possibility of a more subtle mutational event that affects chromosome 22. In the two acoustic neuromas, only a portion of chromosome 22 was deleted, narrowing the possible chromosomal location of the gene that causes BANF to the region distal to the D22S9 locus in band 22q11. The identification of progressively smaller deletions on chromosome 22 in these tumor types may well provide a means to clone and characterize the defect."
30,3134615,"At least eight provisional categories of neurofibromatosis have been proposed. Among these, neurofibromatosis 1 (von Recklinghausen's disease or peripheral neurofibromatosis) and neurofibromatosis 2 (central or bilateral acoustic neurofibromatosis) have been established as distinct disorders. We studied 15 affected male and 8 affected female members of one large kindred with neurofibromatosis 2. None of the patients met the diagnostic criteria for neurofibromatosis 1. Between the ages of 15 and 53 years, the patients had multiple central nervous system tumors of various types--mainly, bilateral acoustic neuromas. Two or more tumors eventually developed in 20 of the patients; 9 had evidence of only bilateral acoustic neuromas. Meningiomas and ependymomas were more common among the young patients; those who initially presented with acoustic neuromas were nearly a decade older. Intracranial nontumoral calcifications were present in most patients and were also found in symptom-free children. The presence of such lesions is probably a prodromic feature of neurofibromatosis 2. Simultaneous analysis of D22S1 and IGLV DNA markers for coinheritance with neurofibromatosis 2 indicates that the locus for the disease is near the center of the long arm of chromosome 22 (22q11.1----22q13.1). The eventual isolation of this disease gene may reveal a cause of the most common intracranial tumors in humans."
31,3180506,"We describe a new family with the Townes-Brocks syndrome, a dominantly inherited syndrome of anal, urorenal, ear and limb malformations. The proband shows the full spectrum of anomalies, including imperforate anus, prominent perineal raphe, rectoperineal fistula, triphalangeal thumb, preaxial hexadactyly, syndactyly, clinodactyly, preauricular protuberances, hypoplastic satyr ears, sensorineural hearing loss and urorenal anomalies. In contrast, the father shows only limb anomalies, sensorineural hearing loss and renal anomalies. Anorectal malformations, which are present in almost every patient with the Townes-Brocks syndrome, were absent in the father. This case report illustrates the intrafamilial variability of the Townes-Brocks syndrome. Consequently, careful examination of relatives of patients with this syndrome is necessary for the differential diagnosis with the sporadically inherited VA(C)TER(L) association."
32,3185841,"The diagnosis, size and operation results in 41 acoustic neurinomas (26 females and 15 males) are presented. In one case the tumor was bilateral. Out of the total of 41 tumors, 12.5% were small acoustic neurinomas. As a rule, at diagnosis the tumors were larger in females than in males. Ten of the small and medium size acoustic neurinomas had no brain stem and cerebellar symptoms or signs at all, only the 8th cranial nerve was affected. All large tumors already had brain stem symptoms and one-third of them also had cerebellar symptoms, lesions of further cranial nerves and increasing intracranial pressure. All these findings were always present in giant tumors. Neurootological functional laboratory examinations cannot be replaced by CT because of the possibility of false negative findings in the smallest acoustic neurinomas. CT and functional neurootological laboratory examinations are complementary to each other and they are not screening procedures at all. As regards morbidity and mortality, the surgical results are comparable with those of other authors using microsurgical techniques. As regards the preservation of hearing, the results are among the best particularly in tumors that were diagnosed as small or medium in this series. Thus it is apparent that the size of a diagnosed acoustic neurinoma is more important for surgical results than the chosen approach to the tumor."
33,3321995,"We observed an autosomal dominant disorder of abnormal upper lip, which resembles a poorly repaired cleft lip, malformed nose with broad bridge and flattened tip, lacrimal duct obstruction, malformed ears, and branchial cleft sinuses and/or linear skin lesions behind the ears in several persons in 3 families. In each of the 3 families, an affected parent had at least one affected child. Father-to-son transmission in one of these families ruled out X-linked inheritance. Other anomalies include coloboma, microphthalmia, auricular pits, lip pits, highly arched plate, dental anomalies, and subcutaneous cysts of the scalp. Premature graying of hair occurred in the affected adults. Growth retardation, developmental delay, and hand anomalies are variable components of the syndrome."
34,3547011,"The nevoid basal-cell carcinoma syndrome is characterized by major manifestations, such as multiple basal-cell carcinomata, cysts of the jaws, and skeletal--specifically, rib--abnormalities. Findings in 53 patients and a review of the literature document both major and lesser-known manifestations of the disorder. The odontogenic keratocyst, which usually appears during adolescence, has a marked tendency to recur. In addition to the skin tumors, milia, epidermoid cysts, chalazia, comedones, and palmar and plantar pits are frequent. The skin tumors, originally thought to be independent of sun exposure, are more common in sun-exposed areas and are far less frequent and occur at a much later age in blacks than in whites. There is some evidence that radiation of the skin promotes the appearance of skin cancers in this disorder. Unilateral linear nevoid basal-cell carcinomas with comedones may represent postzygotic somatic mutation. A proclivity to other forms of neoplasia exists. Patients with this syndrome have had medulloblastoma, meningioma, ovarian fibroma, ovarian fibrosarcoma, fibrosarcoma of the jaws, cardiac fibroma, fetal rhabdomyoma, and lymphatic or chylous cysts of the mesentery. In addition to the usual modalities of treatment, topical immunotherapy and topical 5-fluorouracil have been used with success. Oral synthetic retinoids, such as 13-cis-retinoic acid, have been used to prevent new lesions from appearing and to arrest the growth of older lesions by inducing differentiation. The independent observations of increased prostaglandin levels associated both with odontogenic keratocyst expansion and aggression of basal cell cancers merit further investigation both as a fundamental cellular mechanism and as a possible basis for treatment (e.g., with antiprostaglandins). The key to pre- and early postnatal diagnosis of the disorder--as well as to an understanding of the basic abnormality--lies in molecular genetics. Prime attention should be given to finding the site of the gene through the use of DNA and other markers."
36,3688021,"Two unrelated females, age 15 and 5 years respectively, were studied cytogenetically because of severe mental retardation, seizures and ataxia-like incoordination. A similar deletion of the proximal long arm of chromosome 15 was found in both patients. Re-evaluation showed no voracious appetite or obesity; normal size of hands and feet, minimal to no hypotonia by history or examination and facial features not typical of the Prader-Willi syndrome. However, the facial appearance of the girls was similar to each other with mild hypertelorism. The similarity of these girls and dissimilarity to Prader-Willi syndrome suggest a different syndrome, perhaps the result of deletion of a different segment of 15q. The findings of ataxic-like movements, frequent, unprovoked and prolonged bouts of laughter and facial appearance are more compatible with the diagnosis of Angelman syndrome."
37,3740720,"Branchio-oto-renal dysplasia, often called the BOR syndrome, in its full expression consists of hearing loss of conductive, sensorineural, or mixed type; preauricular pits; auricular deformities; lateral cervical sinuses, cysts, or fistulas; and renal malformations. The condition is inherited in an autosomal dominant mode. The findings in three affected families are described, and pertinent genetic and clinical aspects are discussed. The potential seriousness of the renal and aural malformations stresses the importance of early recognition of this syndrome."
38,3799714,The family on which this report is based is of interest because it contains individuals with the branchio-oto-renal (BOR) syndrome who have renal hypoplasia or malformations of the kidney or collecting system including duplication; only branchial and ear anomalies; and apparent nonpenetrance of the syndrome. This report provides evidence to support the hypothesis that in some families variable expressivity includes duplication of the urinary collecting system in individuals with other manifestations of the BOR syndrome as well as individuals with branchial and ear anomalies who have apparently normal kidneys.
39,4006277,"Branchio-oto-renal (BOR) syndrome is a developmental complex presenting with various combinations of ear pits, branchial cleft cysts, deafness and renal anomalies, which is inherited as an autosomal dominant trait. This report describes a father and 2 children with BOR syndrome in which gustatory lacrimation (GL) was also present in 2 of them. GL is considered to be a rare, non-hereditary type of anomalous, cranial nerve-end organ innervation. Since lacrimal stenosis, which can clinically mimic GL, is also a feature of the BOR syndrome, future reports require lacrimal reflex testing and duct patency evaluation to define this variation in the BOR phenotype."
40,6261046,"A 17-year-old girl presented with an enlarged cardiac silhouette on routine chest roentgenogram. After clinical evaluation, echocardiography, and pericardiocentesis failed to provide a diagnosis, exploratory thoracotomy and biopsy revealed an unresectable left ventricular fibroma. The tumor continued to enlarge and began causing ventricular arrhythmia. Therefore, she underwent cardiac transplantation 2 years after the initial diagnosis was made. She is now alive nd well 18 months following transplantation."
41,6631421,"A young girl 12 old, sent to us for obesity, and coxa-epiphysiolysis showed signs of mental retardation and bilateral thumb ankylosis. The fact that the mother was also affected by both of these signs, led to a more detailed genetic research. The latter revealed that not only the daughter, the mother, but also their own mother and may be, the sister, the grand-mother and the great-aunt of the patient had a retardation, a slight dysmorphia, a type A brachydactylia, signs of obesity and an identical ankylosis of both thumbs. This vertical inheritance, affecting apparently females only, but not associated with a high rate of miscarriage, has, it seems, never been reported. The characteristics of this family are being considered and discussed."
42,6741990,"This is a report on a child with sensorineural deafness, imperforate anus with rectovaginal fistula, hypoplastic thumb, and congenital heart defect. This pattern of congenital anomalies is similar to that described in patients with the Townes-Brocks syndrome, although the present patient has characteristics that have not been reported previously in this syndrome. It is proposed that the clinical spectrum of the Townes-Brocks syndrome must be extended to include congenital heart defect, auricular changes differing from those previously described, and anomalies of other internal organs. The syndrome is an autosomal dominant trait. The present case may represent a de novo mutation."
43,6774282,"Neurofibromatosis includes the common ""peripheral"" form and a recently documented ""central"" form. We describe the central form in 130 cases from 9 kindreds personally studied and 15 reported kindreds. Central neurofibromatosis with bilateral acoustic neuroma is an autosomal dominant disorder beginning about 20 years of age, accompanied by mild skin changes. In three kindreds with central neurofibromatosis, we measured nerve growth factor in serum by radioimmunoassay and radioreceptor assay. Only the antigenic activity of nerve growth factor was increased. In contrast, in peripheral neurofibromatosis, only the functional activity of nerve growth factor has been reported increased. Central and peripheral forms of neurofibromatosis are closely related but discrete diseases which appear to have separate alterations in nerve growth factor activity."
44,6829601,"Two unrelated children (one male, the other female) had unusual craniofacial anomalies consisting of hemangiomatous branchial clefts, lip pseudoclefts, and identical unusual facial appearance. One also had unilateral microphthalmia and both had congenital nasolacrimal duct obstruction. Two similar, sporadic cases from the literature were also identified. These four cases form the basis of a new, distinctly recognizable pattern of malformation."
45,6859100,"We report two families in which propositi had severe bilateral sensorineural hearing loss, a preauricular pit or tag, and duplication of the ureters or bifid renal pelvices. Other relatives had one or more of these anomalies in a pattern suggesting autosomal dominant inheritance with reduced penetrance and variable expressivity. We suggest the term ""branchio-oto-ureteral syndrome"" to designate this condition."
46,6882181,"We report 9 subjects from 2 families with the syndrome of cerebral gigantism, seven of the patients also had jaw cyst basal cell naevoid syndrome. Neurological, radiological, somatic and biochemical features of this hitherto unreported association are described. Neurological symptoms included mild hydrocephalus, ventricular malformation, cerebellar syndrome, intracranial calcification, oculomotor disturbances, EEG abnormalities and rarely, mild peripheral nervous disorders. A disturbance of calcium metabolism appears to be a prominent feature of the genetically determined nonprogressive syndrome."
47,6964893,"Several pedigrees with 19 new cases of the earpits-deafness syndrome (McK +12510) [28] are presented. Mention is made of clinical findings obtained in audiometric and vestibular studies, studies of renal function and configuration and polytomographic studies of the labyrinth, and results of exploratory tympanotomies are discussed. The literature is reviewed and the features found in 138 cases and in our 19 cases are presented. The earpits-deafness syndrome is an autosomal dominant disorder in which affected individuals may have sensorineural, conductive or mixed hearing loss, preauricular pits, structural defects of the outer, middle and inner ear, lacrimal duct stenosis, branchial fistulas or cysts of the second branchial arch, and renal anomalies ranging from mild hypoplasia to complete absence. Not all the features of the syndrome are expressed in all carriers of the gene. Pits, branchial clefts and hearing loss are frequently expressed. The incidence of renal malformation is higher, as mentioned earlier in the literature. The poor results of exploratory tympanotomies are discussed. On the basis of personal observations as well as in view of data from the literature it is maintained that the BOR (branchio-oto-renal dysplasia) syndrome [12,30-32] and the BO (branchio-oto dysplasia) syndrome are in fact the same affection. It is also maintained that no separate syndromes can be distinguished on the basis of the type of hearing loss. The present knowledge of the syndrome is summarized in terms of the information available for genetic counselling."
48,6973119,"The results of a systematic study of the otological aspects in 13 cases of earpit-deafness syndrome are reported. The audiometric, radiological and vestibular findings as well as the results of exploratory tympanotomies with and without stapedectomies are discussed together with the results reported in the literature. A convincing explanation of the poor results of exploratory tympanotomies in cases with mixed hearing loss is not furnished. If the hearing loss is confined to conduction and ankylosis of the stapes or a disconnection of the ossicular chain is suspected, exploratory tympanotomy can be expected to be successful."
49,7039311,"We report on 44 patients (18 with additional affected family members), with congenital distal limb contractures identified from a large study of over 350 patients with congenital joint contractures. Fourteen propositi (seven familial cases, seven isolated cases) had a newly recognized form of arthrogryposis, which we have designated distal arthrogryposis type 1, with the predominant manifestations of autosomal dominant inheritance; tightly clenched fists at birth, with medially overlapping fingers, ulnar deviation, and camptodactyly in adults; and positional foot deformities. Contractures at other major joints are variable. There are no associated visceral anomalies; intelligence is normal. There can be marked intrafamilial and interfamilial variability. Twenty-two propositi with similar distal contractures had additional findings and were classified into five subcategories of distal arthrogryposis (type IIA-E). Among type II patients cleft palate, cleft lip, small tongue, trismus, ptosis, epicanthal folds, keratoconus, short stature, scoliosis, a unique hand position, and dull normal intelligence were seen. These characteristics were seen in various combinations and patterns and allowed sorting into groups that were the basis for the categorization. The remaining eight propositi were recognized to have previously described conditions with distal contractures and autosomal dominant inheritance, ie, the Freeman-Sheldon syndrome, trismus-pseudo-camptodactyly syndrome, congenital contractural arachnodactyly, and familial camptodactyly. Pathogenetically we postulate similar underlying defects of abnormal tendon attachments, attenuation, and absence; careful nosologic comparisons are important for prognostic counseling and habilitative management."
50,7091188,"We report studies of six patients with the Angelman ""Happy Puppet"" syndrome and compare the data with those from previous reports. The results confirm the classic findings of severe mental retardation, ""puppet-like"" gait, characteristic craniofacial abnormalities, and frequent episodes of laughter and suggest that this syndrome is more common than previously thought. Computerized axial tomographs of the brain demonstrating unilateral cerebellar atrophy in one patient constitute the first direct evidence of cerebellar abnormalities in this syndrome."
51,7200726,"A mother and son with bilateral branchial sinuses, intrauterine and postnatal growth retardation, unusual facial appearance, and premature aging in the mother are reported. No other members of the family are similarly affected. No hormonal or systemic cause of growth retardation was identified. Chromosomal studies with G-banding were normal. It is suggested that this syndrome is a dominant trait, the mother being the initial mutant."
52,7246489,"Five new cases are presented of a syndrome characterized mainly by severe mental retardation, epilepsy, puppet-like ataxic movements, microbrachycephaly, prognathism, tongue protrusion, and inappropriate paroxysms of laughter. The cases are analyzed with reference to personal and family histories, clinical findings, and results of special investigations (biochemical, chromosomal, dermatoglyphic, EEG, and radiologic). The findings are compared with those in the 22 patients described previously. Though clinically distinctive, there is as yet no clear-cut evidence as to cause."
53,7446562,"We report on a 32-year-old Italian man, his 5-year-old daughter, and his 3 1/2-year-old son, all of whom had congenital joint contractures. Each has severe ulnar deviation of fingers and soft-tissue contractures of both hands; and each had bilateral clubfeet at birth. The father is short in stature, as are the children, who also have delayed carpal ossification. The findings in this family suggest autosomal-dominant inheritance of the condition. The clinical features are consistent with the condition currently referred to as ""distal"" arthrogryposis."
54,7450780,"Two siblings with the ""happy puppet"" syndrome are presented. Their clinical features are quite similar and closely resemble those of previously reported cases. These features include severe mental retardation, epileptic seizures, easily provoked and prolonged paroxysms of laughter, atactic jerky movements, hypotonia, large mandible with prognathia, and 2-3 cps spike and wave activity in the EEG. The occurrence of this syndrome in the two siblings suggests a genetic etiology possible as an autosomal recessive trait."
55,7468659,"Nineteen of 421 white children in Montreal schools for the deaf had preauricular pits. The branchio-oto-renal (BOR syndrome was identified in four of the nine families who agreed to family investigation, including audiograms and intravenous pyelograms (IVPs) and may have been present in several others. The penetrance of this autosomal dominant syndrome appears to be high. It is estimated that severe renal dysplasia occurs in about 6% of heterozygotes. The presence of a preauricular pit at birth suggests that the child has at least one chance in 200 of severe hearing loss, and this warrants a careful family history, as well as alertness for any signs of hearing impairment. Offspring of affected individuals are eligible for parental diagnosis of renal dysplasia."
56,7485365,"To evaluate the ocular abnormalities in patients with clinically diagnosed neurofibromatosis 2 and asymptomatic gene carriers.

Probands were ascertained through a surgical otolaryngology practice. In a cross-sectional study, we examined 49 patients with neurofibromatosis 2, 30 offspring of patients, and, as a comparison group, 18 parents and siblings of patients with sporadic neurofibromatosis 2. The examination included a complete neuro-ophthalmic assessment, physical examination, and, for patients and first-degree relatives at risk, cranial and spinal magnetic resonance imaging with gadolinium enhancement, if not previously performed.

The most common ocular abnormalities were posterior subcapsular or capsular, cortical, or mixed lens opacities in 33 (67%) of 49 patients with neurofibromatosis 2 and retinal hamartomas in 11 (22%). We used segregation analysis to determine the mutation carrier status of six at-risk offspring who were 30 years old or younger in two multigeneration families. Three asymptomatic mutation carriers had cataracts, whereas those who were predicted not to carry the mutation did not have cataracts. Asymptomatic mutation carriers may have developmental abnormalities of the eye that are detectable in childhood or adolescence, a finding that may assist in early diagnosis of the disease.

A variety of ocular abnormalities are present in neurofibromatosis 2, including cataracts, retinal hamartomas, and ocular motor deficits. Many of these are developmental or acquired early in life and may assist in presymptomatic diagnosis. For screening at-risk relatives of patients with neurofibromatosis 2, the types of cataract that are most suggestive of neurofibromatosis 2 are plaque-like posterior subcapsular or capsular cataract and cortical cataract with onset under the age of 30 years."
57,7625442,"We describe 47 patients with Angelman syndrome (AS) from Belgium and the Netherlands, including the anamnestic data, the clinical and the behavioral attributes at different ages. The clinical picture of AS is most distinct between the ages of 2-16 years. Most patients of this age group show at least 8 of the major characteristics (bursts of laughter, happy disposition, hyperactive behaviour, microcephaly, brachycephaly, macrostomia, tongue protrusion, mandibular prognathism, widely spaced teeth, stiff and puppetlike movements, typical stature, wide based gait) beside the mental retardation and (almost) absence of speech, which is a universal trait. The diagnosis in infants is based on only a limited number of clinical characteristics or on anamnestic data. However, if these occur in combination, they are indicative of AS. In older patients, the diagnosis may be hampered in part because of the changing behavioral characteristics and the decreasing frequency of fits. Other manifestations, such as scoliosis, may become more pronounced with age."
58,7747758,"To determine the spectrum of manifestations in neurofibromatosis 2 (NF2) and to assess possible heterogeneity, we evaluated 63 affected individuals from 32 families. Work-up included skin and neurologic examinations, audiometry, a complete ophthalmology examination with slit-lamp biomicroscopy of the lens and fundus, and gadolinium-enhanced MRI of the brain and, in some, of the spine. Mean age-at-onset in 58 individuals was 20.3 years; initial symptoms resulted from vestibular schwannomas (44.4%), other CNS tumors (22.2%), skin tumors (12.7%), and ocular manifestations including cataracts and retinal hamartomas (12.7%). Five asymptomatic individuals were diagnosed through screening. Vestibular schwannomas were documented in 62 individuals (98.4%); other findings included cataracts (81.0%), skin tumors (67.7%), spinal tumors (67.4%), and meningiomas (49.2%). Usually, clinical manifestations and course were similar within families but differed among families. To assess possible heterogeneity, we assigned affected individuals to three proposed subtypes (representing mild, intermediate, and severe NF2) based on age-at-onset, presence or absence of CNS tumors other than vestibular schwannomas, and presence or absence of retinal hamartomas. Comparisons among the three subtypes for many clinical parameters demonstrated that patients in the mild subtype differed from those in the other two subtypes for most parameters, but that none of the parameters distinguished patients in the intermediate subtype from those in the severe subtype. Thus, there are likely two rather than three subtypes of NF2. Classification of patients to subtype may aid in counseling about long-term prognosis and in formulating individualized guidelines for medical surveillance."
59,7747785,"We review 43 patients (15 new, 28 literature) with the branchio-oculo-facial (BOF) syndrome, which has a distinctive phenotype ranging from mild to severe forms, consisting of eye, ear, oral, and craniofacial anomalies. Virtually ubiquitous and possibly pathognomonic are the cervical/infra-auricular skin defects. Much less common are supra-auricular defects occurring as isolated anomalies or with cervical defects. Regardless of location, these lesions may have aplastic, ""hemangiomatous,"" or otherwise abnormal overlying skin, and draining sinus fistulae. Renal malformations are frequent, but congenital heart and central nervous system defects are rare. Psychomotor performance is usually normal, but development delays, hypotonia, and visual, hearing, and speech problems are common. Autosomal dominant inheritance seems likely. Overlap between the BOF and branchio-otorenal syndromes has been observed, but elucidation of its molecular basis is not yet available. This article also discusses 5 patients with atypical manifestations considered to be possibly affected or probably unaffected, who are sufficiently unusual to be excluded from the final data analysis."
60,7762579,"The index case was a Maori bushman who presented with severe congenital spinal stenosis and manifestations of distal arthrogryposis. His offspring and 8 of his 9 sibs and most of their offspring were interviewed and examined. Of those examined 7 individuals with definite and 2 with probable distal arthrogryposis were identified in 4 of the families. A tenth relative with distal arthrogryposis and contractural arachnodactyly had died. There was marked variability in the severity and nature of manifestations with 2 having severe hand and foot involvement in addition to craniofacial changes compatible with a diagnosis of Freeman-Sheldon syndrome. Other apparently unrelated hereditary disorders in the family included ectrodactyly, biliary atresia, and Brachmann-de Lange syndrome. This is the first report of arthrogryposis in a Maori family."
61,8042672,"The nevoid basal cell carcinoma syndrome (NBCC) is an autosomal dominant multisystem disorder with variable expressivity. We present the clinical findings on 11 African-American NBCC cases from 2 families and a review of the literature of NBCC in African-Americans. The 2 new families, as well as those previously reported, suggest minimal expression of the basal cell carcinomas and full expression of the other components of the syndrome. The 3 most common findings in the 11 cases were jaw cysts, palmar and/or plantar pits, and calcification of the falx cerebri. Only 44% (4/11) of these cases had one or more confirmed basal cell carcinomas. This frequency is substantially less than that observed in whites (90% with basal cell carcinomas). The relative lack of these skin tumors in African-Americans partly reflects ultraviolet radiation protection resulting from increased skin pigmentation. Future research should help identify the specific mutation(s) in blacks as well as other modifying genes and environmental exposures that may contribute to the varied manifestations of the syndrome."
62,8318482,"This prospective study of 96 individuals from 29 families with neurofibromatosis 2, 49 of whom were affected, confirms in an extended series the previously reported association between posterior subcapsular/capsular cataract and neurofibromatosis 2. Posterior subcapsular/capsular cataracts were found in 36 (80%) of the 45 affected individuals (four individuals were excluded from statistical analyses). In addition, the association of peripheral cortical lens opacities with neurofibromatosis 2 was found to be statistically significant. Seventeen of the patients with neurofibromatosis 2 (37.8%) had peripheral cortical cataracts in comparison with none of the unaffected family members (p < 0.0001). In three patients peripheral cortical opacities were present despite the absence of posterior subcapsular/capsular cataracts. These findings support the inclusion of cortical cataracts of early onset, in addition to posterior subcapsular/capsular cataracts, in the diagnostic criteria of neurofibromatosis 2."
63,8326488,"There are many potential complications which have been reported in association with the naevoid basal cell carcinoma syndrome. We have been able to show the relative frequencies of these problems in a population based study of 84 cases in the north west of England. The major complications of basal cell carcinomas and jaw cysts occur in over 90% of patients by 40 years of age, but may both occur before 10 years of age. Less well described complications are ovarian calcification or fibroma (24%), medulloblastoma (5%), cardiac fibroma (3%), cleft palate (5%), and ophthalmic abnormalities such as squint or cataract (26%). This study more clearly defines the possible complications of the syndrome and gives clearer guidelines for counselling and screening affected and at risk persons."
64,8576558,"We studied the seizure and polygraphic patterns of 18 patients with Angelman's syndrome. All patients showed movement problems. Eleven patients were also reported to have long-lasting periods of jerky movements. The polygraphic recording showed a myoclonic status epilepticus in nine of them. Seven patients had partial seizures with eye deviation and vomiting, similar to those of childhood occipital epilepsies. These seizures and electroencephalographic patterns suggest that Angelman's syndrome occurs in most of the patients as a nonprogressive, age-dependent myoclonic encephalopathy with a prominent occipital involvement. These findings indicate that, whereas ataxia is a constant symptom in Angelman's syndrome, the occurrence of a transient myoclonic status epilepticus may account for the recurrence of different abnormal movements, namely the jerky ones."
65,8669439,"The Townes-Brocks syndrome (TBS) is comprised of a triad including characteristic anal, thumb, and ear anomalies. There are many other organ system abnormalities which may be present. However, the literature does not emphasize craniofacial findings except with reference to the typical ear configuration. A three-generation family is described in which craniofacial manifestations were prominent and a Goldenhar-like condition was considered as the most likely diagnosis. However, with the recent birth of an affected male who had an imperforate anus, the diagnosis of TBS was also considered. The family manifests a variety of Goldenhar-like findings, including epibulbar dermoids, hemifacial microsomia, preauricular tags, macrostomia, and micrognathia in addition to classical ear, radial, and anal findings of TBS. We report on this family to point out a possible biological relationship of these two conditions."
66,8751853,"Neurofibromatosis 2 (NF2) features bilateral vestibular schwannomas, other benign neural tumors, and cataracts. Patients in some families develop many tumors at an early age and have rapid clinical progression, whereas in other families, patients may not have symptoms until much later and vestibular schwannomas may be the only tumors. The NF2 gene has been cloned from chromosome 22q; most identified germ-line mutations result in a truncated protein and severe NF2. To look for additional mutations and clinical correlations, we used SSCP analysis to screen DNA from 32 unrelated patients. We identified 20 different mutations in 21 patients (66%): 10 nonsense mutations, 2 frameshifts, 7 splice-site mutations, and 1 large in-frame deletion. Clinical information on 47 patients from the 21 families included ages at onset and at diagnosis, numbers of meningiomas, spinal and skin tumors, and presence of cataracts and retinal abnormalities. We compared clinical findings in patients with nonsense or frameshift mutations to those with splice-site mutations. When each patient was considered as an independent random event, the two groups differed (P < or = .05) for nearly every variable. Patients with nonsense or frameshift mutations were younger at onset and at diagnosis and had a higher frequency and mean number of tumors, supporting the correlation between nonsense and frameshift mutations and severe NF2. When each family was considered as an independent random event, statistically significant differences between the two groups were observed only for mean ages at onset and at diagnosis. A larger data set is needed to resolve these discrepancies. We observed retinal hamartomas and/or epiretinal membranes in nine patients from five families with four different nonsense mutations. This finding, which may represent a new genotype-phenotype correlation, merits further study."
67,8755929,"Gorlin syndrome is an autosomal dominant disorder characterized by multiple basal cell carcinomas, medulloblastomas, ovarian fibromas, and a variety of developmental defects. All affected individuals share certain key features, but there is significant phenotypic variability within and among kindreds with respect to malformations. The gene (NBCCS) maps to chromosome 9q22, and allelic loss at this location is common in tumors from Gorlin syndrome patients. Two recessive cancer-predisposition syndromes, xeroderma pigmentosum group A (XPAC) and Fanconi anemia group C (FACC), map to the NBCCS region; and unusual, dominant mutations in these genes have been proposed as the cause of Gorlin syndrome. This study presents cytogenetic and molecular characterization of germ-line deletions in one patient with a chromosome 9q22 deletion and in a second patient with a deletion of 9q22-q3l. Both have typical features of Gorlin syndrome plus additional findings, including mental retardation, conductive hearing loss, and failure to thrive. That Gorlin syndrome can be caused by null mutations (deletions) rather than by activating mutations has several implications. First, in conjunction with previous analyses of allelic loss in tumors, this study provides evidence that associated neoplasms arise with homozygous inactivation of the gene. In addition, dominant mutations of the XPAC and FACC1 genes can be ruled out as the cause of Gorlin syndrome, since the two patients described have null mutations. Finally, phenotypic features that show variable expression must be influenced by genetic background, epigenetic effects, somatic mutations, or environmental factors, since these two patients with identical alterations (deletions) of the Gorlin syndrome gene have somewhat different manifestations of Gorlin syndrome."
68,8786067,"Angelman syndrome (AS) is characterized by severe mental retardation, absent speech, puppet-like movements, inappropriate laughter, epilepsy, and abnormal electroencephalogram. The majority of AS patients (approximately 65%) have a maternal deficiency within chromosomal region 15q11-q13, caused by maternal deletion or paternal uniparental disomy (UPD). Approximately 35% of AS patients exhibit neither detectable deletion nor UPD, but a subset of these patients have abnormal methylation at several loci in the 15q11-q13 region. We describe here three patients with Angelman syndrome belonging to an extended inbred family. High resolution chromosome analysis combined with DNA analysis using 14 marker loci from the 15ql1-q13 region failed to detect a deletion in any of the three patients. Paternal UPD of chromosome 15 was detected in one case, while the other two patients have abnormal methylation at D15S9, D15S63, and SNRPN. Although the three patients are distantly related, the chromosome 15q11-q13 haplotypes are different, suggesting that independent mutations gave rise to AS in this family."
69,8832722,"A young male infant was noted at birth to have bilateral cleft lip and palate, bilateral microphthalmos and ocular colobomata, and a dysplastic left kidney. His mother had similar ophthalmological findings and milder facial anomalies which included abnormality of the philtrum and bilateral congenital nasolacrimal duct obstruction. His maternal grandmother had mild facial anomalies including a short philtrum and bilateral congenital nasolacrimal duct obstruction but had no evidence of any ocular abnormalities. The spectrum of abnormalities seen in this family are similar to those described in the branchio-oculo-facial syndrome, a rare dominantly inherited syndrome in which there are a number of developmental abnormalities of the eye, face, and kidney. Although the precise cause of this syndrome is unknown, it is likely to be caused by mutations in a gene responsible for the ordered closure of the foetal fissure and fusion of facial structures."
70,8923936,"We describe the clinical findings of 15 individuals in a large kindred affected with distal arthrogryposis type 1A (DA1A). The most consistent findings among individuals were overlapping fingers at birth, abnormal digital flexion creases, and foot deformities, including talipes equinovarus and vertical talus. There was marked intrafamilial variation in the expression of DA1A. Linkage mapping of the locus for DA1A suggests that the use of strict diagnostic criteria excludes unaffected individuals rigorously, but can produce incomplete ascertainment of affected individuals. In the context of an affected family, the range of phenotypes consistent with a diagnosis of DA1A needs to be expanded."
71,8929945,"We report the clinical features in 27 Australasian patients with Angelman syndrome (AS), all with a DNA deletion involving chromosome 15(q11-13), spanning markers from D15S9 to D15S12, about 3 center dot 5 Mb of DNA. There were nine males and 18 females. All cases were sporadic. The mean age at last review (end of 1994) was 11 center dot 2 years (range 3 to 34 years). All patients were ataxic, severely retarded, and lacking recognisable speech. In all patients, head circumference (HC) at birth was normal but skewed in distribution, with 62 center dot 5% at the 10th centile. At last review HC was around the 50th centile in three patients (12 center dot 5%) while 15 had poor postnatal head growth. Short stature was not invariable, 5/26 (19%) were on or above the 50th centile. Hypotonia at birth was recorded in 15/24 (63%) and neonatal feeding difficulties were recorded in 20/26 (77%). Epilepsy was present in 26/27 (96%) with onset by the third year of life in 20 patients (83%). Improvement in epilepsy was reported in 11/16 patients (69%) with age. An abnormal EEG was reported in 25/25 patients. Hypopigmentation was present in 19/26 (73%). One patient had oculocutaneous albinism. Five patients could not walk independently. Of the remaining 22 who could walk, age of onset of walking ranged from 2 to 8 years. Disrupted sleep patterns were present in 18/21 patients (86%), with improvement in 9/12 patients (75%) over 10 years of age. The clinical features in this group of deletional AS patients were similar to previous reports, but these have not separated patients into subgroups based on DNA studies. In our group of deletional cases, 100% showed severe mental retardation, ataxic movements, absent language, abnormal EEG, happy disposition (noted in infancy in 95%), normal birth weight and head circumference at birth, and a large, wide mouth. These features occurred with a higher frequency than in AS patients as a whole. Our study also provided information on the evolution of the phenotype. The data can act as a benchmark for comparisons of AS resulting from other genetic mechanisms."
72,8988171,"Angelman syndrome (AS), characterized by mental retardation, seizures, frequent smiling and laughter, and abnormal gait, is one of the best examples of human disease in which genetic imprinting plays a role. In about 70% of cases, AS is caused by de novo maternal deletions at 15q11-q13 (ref. 2). Approximately 2% of AS cases are caused by paternal uniparental disomy (UPD) of chromosome 15 (ref. 3) and 2-3% are caused by ""imprinting mutations'. In the remaining 25% of AS cases, no deletion, uniparental disomy (UPD), or methylation abnormality is detectable, and these cases, unlike deletions or UPD, can be familial. These cases are likely to result from mutations in a gene that is expressed either exclusively or preferentially from the maternal chromosome 15. We have found that a 15q inversion inherited by an AS child from her normal mother disrupts the 5' end of the UBE3A (E6-AP) gene, the product of which functions in protein ubiquitination. We have looked for novel UBE3A mutations in nondeletion/non-UPD/non-imprinting mutation (NDUI) AS patients and have found one patient who is heterozygous for a 5-bp de novo tandem duplication. We have also found in two brothers a heterozygous mutation, an A to G transition that creates a new 3' splice junction 7 bp upstream from the normal splice junction. Both mutations are predicted to cause a frameshift and premature termination of translation. Our results demonstrate that UBE3A mutations are one cause of AS and indicate a possible abnormality in ubiquitin-mediated protein degradation during brain development in this disease."
73,9096761,"Nevoid basal cell carcinoma syndrome (NBCC; Gorlin syndrome), an autosomal dominant disorder linked to 9q22.3-q31, and caused by mutations in PTC, the human homologue of the Drosophila patched gene, comprises multiple basal cell carcinomas, keratocysts of the jaw, palmar/plantar pits, spine and rib anomalies and calcification of the falx cerebri. We reviewed the findings on 105 affected individuals examined at the NIH since 1985. The data included 48 males and 57 females ranging in age from 4 months to 87 years. Eighty percent of whites (71/90) and 38% (5/13) of African-Americans had at least one basal cell carcinoma (BCC), with the first tumor occurring at a mean age of 23 (median 20) years and 21 (median 20) years, respectively. Excluding individuals exposed to radiation therapy, the number of BCCs ranged from 1 to > 1,000 (median 8) and 1 to 3 (median 2), respectively, in the 2 groups. Jaw cysts occurred in 78/105 (74%) with the first tumor occurring in 80% by the age of 20 years. The number of total jaw cysts ranged from 1 to 28 (median 3). Palmar pits and plantar pits were seen in 87%. Ovarian fibromas were diagnosed by ultrasound in 9/52 (17%) at a mean age of 30 years. Medulloblastoma occurred in 4 patients at a mean age of 2.3 years. Three patients had cleft lip or palate. Physical findings include ""coarse face"" in 54%, relative macrocephaly in 50%, hypertelorism in 42%, frontal bossing in 27%, pectus deformity in 13%, and Sprengel deformity in 11%. Important radiological signs included calcification of the falx cerebri in 65%, of the tentorium cerebelli in 20%, bridged sella in 68%, bifid ribs in 26%, hemivertebrae in 15%, fusion of the vertebral bodies in 10%, and flame shaped lucencies of the phalanges, metacarpal, and carpal bones of the hands in 30%. Several traits previously considered components of the syndrome (including short fourth metacarpal, scoliosis, cervical ribs and spina bifida occulta) were not found to be significantly increased in the affected individuals. This study delineates the frequency of the clinical and radiological anomalies in NBCC in a large population of US patients and discusses guidelines for diagnosis and management."
74,9096762,"We present an 8-year-old African-American boy with medulloblastoma and nevoid basal cell carcinoma syndrome (NBCCS) who exhibited the radiosensitive response of basal cell carcinoma (BCC) formation in the area irradiated for medulloblastoma. Such a response is well-documented in Caucasian NBCCS patients with medulloblastoma. The propositus was diagnosed with medulloblastoma at the age of 2 years and underwent surgery, chemotherapy, and craniospinal irradiation. At the age of 6 years, he was diagnosed with NBCCS following his presentation with a large odontogenic keratocyst of the mandible, pits of the palms and soles and numerous BCCs in the area of the back and neck that had been irradiated previously for medulloblastoma. Examination of other relatives showed that the propositus' mother also had NBCCS but was more mildly affected; in particular, she had no BCCs. This case illustrates complex gene-environment interaction, in that increased skin pigmentation in African-Americans is presumably protective against ultraviolet, but not ionizing, radiation. This case and other similar cases in the literature show the importance of considering NBCCS in the differential diagnosis of any patient who presents with a medulloblastoma, especially before the age of 5 years, and of examining other close relatives for signs of NBCCS to determine the patient's at-risk status. Finally, for individuals who are radiosensitive, protocols that utilize chemotherapy in lieu of radiotherapy should be considered."
75,9182785,"Undiagnosed institutionalised patients were reviewed in an attempt to identify those with Angelman syndrome (AS). The aim was to test these patients for deletion of chromosome 15(q11-13) and to describe the adult phenotype. The selection criteria included severe intellectual disability, ataxic or hypermotoric limb movements, lack of speech, a ""happy"" demeanour, epilepsy, and facial appearance consistent with the diagnosis. Patients were examined, medical records perused, and patients' doctors contacted as required. Genetic tests performed included routine cytogenetics, DNA methylation analysis (with probe PW71B), and fluorescence in situ hybridisation (with probes D15S10, GABRbeta3, or SNRPN). A deletion in the AS region was detected in 11 patients (9 males and 2 females) of 22 tested. The mean age at last review (March 1996) was 31.5 years (range 24 to 36 years). Clinical assessment documented findings of large mouth and jaw with deep set eyes, and microcephaly in nine patients (two having a large head size for height). No patient was hypopigmented; 1/11 patients was fair. Outbursts of laughter occurred in all patients but infrequently in 7/11 (64%) and a constant happy demeanour was present in 5/11 (46%). All had epilepsy, with improvement in 5/11 (46%), no change in 4 (36%), and deterioration in 2 (18%). The EEG was abnormal in 10/10 patients. Ocular abnormalities were reported in 3/8 patients (37.5%) and 4/11 (36%) had developed kyphosis. Two had never walked. All nine who walked were ataxic with an awkward, clumsy, heavy, and/or lilting gait. No patient had a single word of speech but one patient could use sign language for two needs (food and drink). Our data support the concept that AS resulting from deletion is a severe neurological syndrome in adulthood. The diagnosis in adults may not be straightforward as some manifestations change with age. Kyphosis and keratoconus are two problems of older patients."
77,9225971,"The case of a seriously disabled and retarded female patient with neurofibromatosis type 2 (NF2) is reported. She suffered from bilateral vestibular schwannomas, multiple intracranial meningiomas and neurinomas. The constitutional karyotype of the patient was 46, XX, r(22)/45,XX,-22. A constitutional G to A transition in the proximal 3' untranslated region of isoforms 1 and 2 was identified in the patient's NF2 gene and shown not to affect differential splicing or mRNA stability. The instability of the ring chromosome 22 with the associated loss of tumor suppressor genes on chromosome 22, in particular the loss of the NF2 gene, are assumed to have caused multiple tumorigenesis in this patient."
78,9236523,"To evaluate patients with multiple endocrine neoplasia type 1 (MEN 1) for cutaneous manifestations.

Survey during a 3-year period.

The National Institutes of Health, a tertiary referral research hospital in Bethesda Md.

A consecutive sample of 32 individuals with previously diagnosed MEN1 who were not preselected for the presence of skin lesions were examined for cutaneous abnormalities. None of the patients or family members were diagnosed as having tuberous sclerosis.

Lesions were identified by clinical appearance, photographed, and confirmed histologically.

To determine the frequency of skin lesions in patients with MEN1.

Multiple facial angiofibromas were observed in 28 (88%) of the patients with MEN1, with 16 patients (50%) having 5 or more. Angiofibromas were clinically and histologically identical to those in individuals with tuberous sclerosis. Collagenomas were observed in 23 patients (72%). Also observed were cafe au lait macules in 12 patients (38%), lipomas in 11 patients (34%), confetti-like hypopigmented macules in 2 patients (6%), and multiple gingival papules in 2 patients (6%).

Multiple angiofibromas, collagenomas, lipomas, confetti-like hypopigmented macules and multiple gingival papules are cutaneous manifestations of MEN1 and should be looked for in both family members of patients with MEN1 and individuals with hyperparathyroidism of other MEN1-associated tumors. Multiple angiofibromas can no longer be considered pathognomonic for tuberous sclerosis. The observation of angiofibromas in individuals without tuberous sclerosis necessitates further biochemical testing for MEN1."
79,9425907,"Townes-Brocks syndrome (TBS, OMIM #107480) is a rare autosomal-dominant malformation syndrome with a combination of anal, renal, limb and ear anomalies. Cytogenetic findings suggested that the gene mutated in TBS maps to chromosome 16q12.1, where SALL1 (previously known as HSAL1), a human homologue of spalt (sal), is located. SAL is a developmental regulator in Drosophila melanogaster and is conserved throughout evolution. No phenotype has yet been attributed to mutations in vertebrate sal-like genes. The expression patterns of sal-like genes in mouse, Xenopus and the fish Medaka, and the finding that Medaka sal is regulated by Sonic hedgehog (Shh; ref. 11), prompted us to examine SALL1 as a TBS candidate gene. Here we demonstrate that SALL1 mutations cause TBS in a family with vertical transmission of TBS and in an unrelated family with a sporadic case of TBS. Both mutations are predicted to result in a prematurely terminated SALL1 protein lacking all putative DNA binding domains. TBS therefore represents another human developmental disorder caused by mutations in a putative C2H2 zinc-finger transcription factor."
80,9486718,"Nevoid basal cell carcinoma syndrome (NBCCS) is rare in black persons. We describe an 11-year-old black boy with NBCCS who presented with exotropia and a painful, expanding, cystic mass in the left posterior alveolar ridge. Further examination revealed odontogenic keratocysts with palmar and plantar pitting. Less than 5% of reported patients with NBCCS are black. To our knowledge, this is the first report of a black patient with NBCCS presenting with exotropia and an impacted molar displaced into the orbit by an odontogenic keratocyst."
81,9546330,"We compared epilepsy phenotypes with genotypes of Angelman syndrome (AS), including chromosome 15q11-13 deletions (class I), uniparental disomy (class II), methylation imprinting abnormalities (class III), and mutation in the UBE3A gene (class IV). Twenty patients were prospectively selected based on clinical cytogenetic and molecular diagnosis of AS. All patients had 6 to 72 hours of closed-circuit television videotaping and digitized electroencephalogrpahic (EEG) telemetry. Patients from all genotypic classes had characteristic EEGs with diffuse bifrontally dominant high-amplitude 1- to 3-Hz notched or triphasic or polyphasic slow waves, or slow and sharp waves. Class I patients had severe intractable epilepsy, most frequently with atypical absences and myoclonias and less frequently with generalized extensor tonic seizures or flexor spasms. Epileptic spasms were recorded in AS patients as old as 41 years. Aged-matched class II, III, and IV patients had either no epilepsy or drug-responsive mild epilepsy with relatively infrequent atypical absences, myoclonias, or atonic seizures. In conclusion, maternally inherited chromosome 15q11-13 deletions produce severe epilepsy. Loss-of-function UBE3A mutations, uniparental disomy, or methylation imprint abnormalities in AS are associated with relatively mild epilepsy. Involvement of other genes in the chromosome 15q11-13 deletion, such as GABRB3, may explain severe epilepsy in AS."
84,10051003,"Townes-Brocks syndrome (TBS) is an autosomal dominant disorder with multiple malformations and variable expression. Major findings include external ear anomalies, hearing loss, preaxial polydactyly and triphalangeal thumbs, imperforate anus, and renal malformations. Most patients with Townes-Brocks syndrome have normal intelligence, although mental retardation has been noted in a few."
85,10066029,"Nevoid basal cell carcinoma syndrome (NBCCS) is a hereditary condition transmitted as an autosomal dominant trait with complete penetrance and variable expressivity. The syndrome is characterised by numerous basal cell carcinomas (BCCs), odontogenic keratocysts of the jaws, palmar and/or plantar pits, skeletal abnormalities and intracranial calcifications. In this paper, the clinical features of 37 Italian patients are reviewed. Jaw cysts and calcification of falx cerebri were the most frequently observed anomalies, followed by BCCs and palmar/plantar pits. Similar to the case of African Americans, the relatively low frequency of BCCs in the Italian population is probably due to protective skin pigmentation. A future search based on mutation screening might establish a possible genotype phenotype correlation in Italian patients."
86,10440824,"We describe a 14-month-old girl with unilateral congenital cholesteatoma and anomalies of the facial nerve in addition to the more common branchial arch, otic, and renal malformations comprising the branchio-oto-renal (BOR) syndrome. Her mother also has the BOR syndrome and unilateral duplication of the facial nerve. This is the first study of a BOR patient with congenital cholesteatoma and the second family in which cholesteatoma and anomalies of the facial nerve are described in patients with the BO/BOR syndrome. We review the congenital cholesteatoma literature and discuss hypotheses for the pathogenesis of this entity in light of this new report."
87,10482951,"The clinical features of Angelman syndrome (AS) comprise severe mental retardation, postnatal microcephaly, macrostomia and prognathia, absence of speech, ataxia, and a happy disposition. We report on seven patients who lack most of these features, but presented with obesity, muscular hypotonia and mild mental retardation. Based on the latter findings, the patients were initially suspected of having Prader-Willi syndrome. DNA methylation analysis of SNRPN and D15S63, however, revealed an AS pattern, ie the maternal band was faint or absent. Cytogenetic studies and microsatellite analysis demonstrated apparently normal chromosomes 15 of biparental inheritance. We conclude that these patients have an imprinting defect and a previously unrecognised form of AS. The mild phenotype may be explained by an incomplete imprinting defect or by cellular mosaicism."
88,10569966,"Neurofibromatosis type 2 (NF2) is a highly penetrant autosomal dominant condition predisposing affected individuals to schwannomas and meningiomas. The proportion of children presenting with meningioma or schwannoma who have NF2 is not well described, and neither is the mode of presentation in most children with the inherited disease.

To determine the frequency of childhood meningioma and schwannoma cases caused by NF2 and the mode of presentation.

The records of the Manchester Children's Tumour Registry from 1954 were searched for cases of meningioma and schwannoma. Paediatric presentation in a large UK series of NF2 was also studied.

18% (61/334) of patients with NF2 on the UK database presented in the paediatric age group (0-15 years), frequently with the symptoms of an isolated tumour. More than half had no family history to alert the clinician to their susceptibility. Three of 22 children presenting with a meningioma on the Manchester Children's Tumour Registry have gone on to develop classic features of NF2.

Clinicians should suspect NF2 in children presenting with meningioma, schwannoma, and skin features, such as neurofibromas/schwannomas, but fewer than 6 caf√© au lait patches, who thus fall short of a diagnosis of neurofibromatosis type 1."
89,10593995,"Popliteal pterygium syndrome (PPS) is a rare autosomal dominant disorder, thought to occur with an incidence of approximately 1 in 300 000 live births. The main clinical manifestations are popliteal webbing, cleft lip, cleft palate, lower lip pits, syndactyly, and genital and nail anomalies. This report describes the clinical features in two families with PPS and one isolated case, showing the range of anomalies found both within and between the families. PPS has some features in common with Van der Woude syndrome (VWS), also inherited as an autosomal dominant condition, with cleft lip/palate and, more distinctively, lower lip pits. Although the gene for VWS has not yet been identified, it has been localised to within 1.6 cM in the region 1q32-41. To determine whether PPS and VWS represent allelic forms of the same gene, three families were genotyped for markers flanking and within the critical region. A multipoint lod score of 2.7 was obtained, with no evidence of recombination, supporting the hypothesis that these two disorders are allelic."
90,10631923,"Townes-Brocks syndrome (TBS) has been recognized as a dominant inherited syndrome. We report 2 cases of TBS. Case 1 was operated on for imperforate anus. Triphalangeal thumb and ear anomalies were remarkable. Deafness was diagnosed when the patient was 6 months old. Anomalies of the semicircular canals and the incus with inculomalleolar fusion were shown when the patient was 3.5 years old. During childhood, recurrent episodes of abdominal pain appeared. The diagnosis of hereditary angioneurotic edema (HANE) was made. HANE was familial as the father, the father's brother and the paternal grand mother were also affected. The parents of case 2, a female, are both mildly mentally retarded. This was the first pregnancy of the mother who had short stature. The child had an antepositioned anus, bifid right thumb, large toes, low set ears, microretrognathia and deafness. A (5, 16) translocation was observed in a child with TBS. At the breakpoint in 16q21.1, a gene coding for a transcription factor SALL1 has been identified and it was shown that mutations in the putative zinc finger of SALL1 cause TBS."
91,10767004,"In addition to craniofacial, auricular, ophthalmologic, and oral anomalies, the distinctive phenotype of the branchio-oculo-facial (BOF) syndrome (MIM 113620) includes skin defects in the neck or infra/supra-auricular region. These unusual areas of thin, erythematous wrinkled skin differ from the discrete cervical pits, cysts, and fistulas of the branchio-oto-renal (BOR) syndrome (MIM 113650). Although the BOF and BOR syndromes are sufficiently distinctive that they should not be confused, both can be associated with nasolacrimal duct stenosis, deafness, prehelical pits, malformed pinna, and renal anomalies. Furthermore, a reported father and son [Legius et al., 1990, Clin Genet 37:347-500] had features of both conditions. It was not clear whether they had an atypical presentation of either BOR or BOF syndrome, or represented a private syndrome. In light of these issues, we selected the BOR locus (EYA1) as a possible gene mutation for the BOF syndrome. In five BOF patients, there were no mutations detected in the EYA1 gene, suggesting that it is not allelic to the BOR syndrome."
92,10771486,"Schwannomas in the skin are frequently observed in neurofibromatosis 2 patients. In about one-quarter of the cases, skin tumors are the first clinical symptoms of this disease. Recognizing neurofibromatosis-2-related skin tumors is therefore important for early diagnosis of neurofibromatosis 2, especially in pediatric patients. In this study, we examined 40 skin tumors (36 schwannomas and four neurofibromas) from 20 neurofibromatosis 2 patients for NF2 mutations and allelic loss. NF2 mutations have been identified in blood from 15 (75%) of the 20 patients. We found NF2 mutations in five (13%) and NF2 allelic loss in 18 (45%) of the 40 analyzed tumors. Genetic alterations (allelic loss or mutation) were thus found in 50 (63%) out of the total of 80 examined alleles. In 17 (43%) tumors, alterations were found on both NF2 alleles. These results suggest that, as in the case of vestibular schwannomas and meningiomas, loss of functional NF2 gene product is also the critical event in the development of skin schwannomas. Identification of genetic alterations of the NF2 gene in skin tumors may help to identify neurofibromatosis-2-associated skin tumors, thus assisting in the diagnosis of neurofibromatosis 2 in ambiguous cases, and excluding neurofibromatosis 1 in unclear cases. We also report that the detection rate of constitutional mutations was higher in patients with skin tumors (65%) than in patients without skin tumors (40%)."
93,10861661,"Among 25 patients diagnosed with Angelman syndrome, we detected 21 with deletion and 4 with paternal uniparental disomy (UPD), 2 isodisomies originating by postzygotic error, and 1 MII nondisjunction event. The diagnosis was obtained by molecular techniques, including methylation pattern analysis of exon 1 of SNRPN and microsatellite analysis of loci within and outside the 15q11-q13 region. Most manifestations present in deletion patients are those previously reported. Comparing the clinical data from our and published UPD patients with those with deletions we observed the following: the age of diagnosis is higher in UPD group (average 7 3/12 years), microcephaly is more frequent among deletion patients, UPD children start walking earlier (average age 2 9/12 years), whereas in deletion patients the average is 4 (1/2) years, epilepsy started later in UPD patients (average 5 10/12 years) than in deletion patients (average 1 11/12 years), weight above the 75th centile is reported mainly in UPD patients, complete absence of speech is more common in the deleted (88.9%) than in the UPD patients because half of the children are able to say few words. Thus, besides the abnormalities already described, the UPD patients have somewhat better verbal development, a weight above the 75th centile, and OFC in the upper normal range."
94,11078565,"We present a child with mild to moderate global developmental delay including severe speech impairment, inappropriate happy demeanor, wide-based gait, frequent ear infections with mild hearing loss, deep-set eyes, a wide mouth, widely-spaced teeth, normal head circumference, and no seizures. Results of peripheral blood lymphocyte chromosomal analysis with GTG banding were normal. However, fluorescence in situ hybridization (FISH) studies showed mosaicism for a deletion of probes (D15S10 and SNRPN) from the Angelman syndrome (AS) critical region with approximately 40% of peripheral lymphocytes having the deletion. The deleted chromosome 15 also showed centromeric duplication, which was detected with a D15Z1 probe [46,XX, dic(15)(pter-->q11.1::p11.2-->q11. 1::q13-->qter)]. The same duplication pattern was observed in 30% of the nuclei obtained from a buccal smear. Methylation studies using polymerase chain reaction with sodium bisulfite-treated DNA demonstrated a normal biparental methylation pattern. To the best of our knowledge, this is the first case with AS and a FISH detectable deletion in a mosaic pattern. We recommend FISH studies for the detection of mosaicism in the patients with AS clinical findings even if results of the methylation studies are normal."
95,11312426,"Nevoid basal cell carcinoma syndrome (NBCCS) is a genodermatosis with autosomal dominant inheritance. In identified kindreds the diagnosis is relatively easy, but for the patients without family history of this syndrome a high clinical suspicion is necessary for diagnosis.

Acrochordons are distinctly uncommon in childhood. Our purpose was to evaluate skin tags that develop at an early age.

This is a retrospective series evaluation of 7 children who presented with pedunculated papules (acrochordon-like growths). A full history was then correlated with biopsy results in each patient.

Clinically, lesions consisted of flesh-colored and pigmented pedunculated papules. Histopathologic examination of these papules showed basal cell carcinomas in each biopsy specimen.

We consider that ""skin tag""-like basal cell carcinomas in childhood may represent a marker for NBCCS. Early diagnosis of this syndrome and early sun protection of the affected children could help decrease the number of lifetime tumors. Biopsy should be performed on acrochordons in children because they may be the presenting sign of NBCCS. Because these tags may precede other stigmata of the NBCCS, recognition may facilitate early diagnosis and allow early treatment and sun protection."
96,11343340,"The diagnosis of Angelman syndrome (AS) can be confirmed by genetic laboratory in about 80% of cases. In 20%, the diagnosis remains clinical, but often there is uncertainty about the correctness of the clinical diagnosis and alternative diagnoses may be investigated. In evaluating individuals for AS in our center since 1989, we have encountered several mimicking conditions, and additional ones have been reported in the literature. Mimicking conditions can be grouped into the areas of chromosome, single gene, and symptom complex anomalies. Microdeletions or microduplications include chromosome regions 2,4,17, 22, and 15. Single gene conditions include methylene tetrahydrofolate reductase deficiency (MTHFR), Rett syndrome, alpha-thalassemia retardation syndrome (ATR-X), and Gurrieri syndrome. Symptom complexes include cerebral palsy, static encephalopathy, Lennox-Gastaut syndrome, autism spectrum disorder, pervasive developmental delay (PDD), and mitochondrial disorders. We present a review of these mimicking disorders to increase the awareness about conditions that can lead to an incorrect clinical diagnosis of AS."
97,11382639,"To describe the ophthalmic and systemic features in a series of patients initially seen with eyelid basal cell carcinoma associated with Gorlin-Goltz syndrome.

Retrospective noncomparative case series.

Of 105 consecutive patients with eyelid basal cell carcinoma managed at an Ocular Oncology Center between January 1973 and December 1999, four patients with Gorlin-Goltz syndrome were identified.

The ophthalmic and systemic features, management, and outcome of patients with eyelid basal cell carcinoma associated with Gorlin-Goltz syndrome were analyzed. The published literature on Gorlin-Goltz syndrome, specifically related to genetics, systemic features, ophthalmic associations, and prophylactic management strategies, was reviewed.

Response of the eyelid basal cell carcinoma to treatment and the final systemic condition were the main outcome measures.

All four patients had a family history of Gorlin-Goltz syndrome. The systemic manifestations included multiple basal cell carcinomas in all the patients, frontal bossing or increased occipitofrontal circumference in three patients, palmar pits in two patients, odontogenic keratocyst in one patient, ectopic calcification in one patient, and bifid rib in one patient. The mean age at the detection of the first basal cell carcinoma was 30 years (range, 16-38 years). All four patients had multiple basal cell carcinomas on the face and elsewhere. The eyelid basal cell carcinoma was advanced with orbital infiltration in three patients, one of whom opted for palliative radiotherapy, whereas the other two underwent orbital exenteration. The fourth patient, who had localized recurrent basal cell carcinoma in the upper eyelid, was treated with excision and eyelid reconstruction. At the final follow-up (mean, 41 months), eyelid basal cell carcinoma was cured in three patients and stable in one patient. No patient had life-threatening sequelae of Gorlin-Goltz syndrome.

Gorlin-Goltz syndrome is a rare autosomal dominant cancer predisposition syndrome that may be associated with eyelid basal cell carcinoma. The associated systemic findings may be a clue to the diagnosis of this condition. It is important to recognize Gorlin-Goltz syndrome when a patient has multiple basal cell carcinomas or when a young patient with eyelid basal cell carcinoma is seen by an ophthalmologist, because lifelong monitoring is essential for patient management."
98,11484202,"Townes-Brocks syndrome (TBS) is a condition with imperforate anus, hand anomalies, and ear malformations with sensorineural hearing loss. Many cases are sporadic. Within and between families, the phenotype displays striking variability. Recently, the disease-causing gene for TBS was identified as SALL1, a zinc finger transcription factor. Here, we report a three-generation family with seven affected individuals who have a novel SALL1 mutation. Unique cardiac anomalies seen in this family include lethal truncus arteriosus in one patient and a lethal complicated defect, including pulmonary valve atresia, in a second patient. These severe cardiac anomalies have not previously been reported in a familial case of TBS. This family and a review of the literature indicate that cardiac evaluation is warranted in all individuals with this disorder. In addition, hypoplastic thumbs were seen in two individuals in this family and should, therefore, be considered a true feature of TBS."
99,11748306,"Angelman syndrome (AS) is a severe neurobehavioural disorder caused by defects in the maternally derived imprinted domain located on 15q11-q13. Most patients acquire AS by one of five mechanisms: (1) a large interstitial deletion of 15q11-q13; (2) paternal uniparental disomy (UPD) of chromosome 15; (3) an imprinting defect (ID); (4) a mutation in the E3 ubiquitin protein ligase gene (UBE3A); or (5) unidentified mechanism(s). All classical patients from these classes exhibit four cardinal features, including severe developmental delay and/or mental retardation, profound speech impairment, a movement and balance disorder, and AS specific behaviour typified by an easily excitable personality with an inappropriately happy affect. In addition, patients can display other characteristics, including microcephaly, hypopigmentation, and seizures.

We restricted the present study to 104 patients (93 families) with a classical AS phenotype. All of our patients were evaluated for 22 clinical variables including growth parameters, acquisition of motor skills, and history of seizures. In addition, molecular and cytogenetic analyses were used to assign a molecular class (I-V) to each patient for genotype-phenotype correlations.

In our patient repository, 22% of our families had normal DNA methylation analyses along 15q11-q13. Of these, 44% of sporadic patients had mutations within UBE3A, the largest percentage found to date. Our data indicate that the five molecular classes can be divided into four phenotypic groups: deletions, UPD and ID patients, UBE3A mutation patients, and subjects with unknown aetiology. Deletion patients are the most severely affected, while UPD and ID patients are the least. Differences in body mass index, head circumference, and seizure activity are the most pronounced among the classes.

Clinically, we were unable to distinguish between UPD and ID patients, suggesting that 15q11-q13 contains the only significant maternally expressed imprinted genes on chromosome 15."
100,12011146,"Neurofibromatosis type 2 (NF2) must be suspected in patients presenting with a unilateral vestibular schwannoma at a young age who are therefore at theoretical risk of developing bilateral disease. We identified 45 patients aged 30 years or less at the onset of symptoms of a unilateral vestibular schwannoma. Molecular genetic analysis of the NF2 gene was completed on peripheral blood samples in all 45 and on 28 tumour samples. No pathogenic NF2 mutations were identified in any of the blood samples. NF2 point mutations were identified in 21/28 (75%) tumour samples and loss of heterozygosity (LOH) in 21/28 (75%) tumour samples. Both mutational hits were identified in 18/28 (65%) tumour samples. In one multilobular tumour, one (presumably first hit) mutation was confirmed which was common to different foci of the tumour, while the second mutational event differed between foci. The molecular findings in this patient were consistent with somatic mosaicism for NF2 and the clinical diagnosis was confirmed with the presence of two meningiomas on a follow up MRI scan. A further patient developed a contralateral vestibular schwannoma on a follow up MRI scan in whom neither of the truncating mutations in the vestibular schwannoma were present in blood. It is important when counselling patients with unilateral vestibular schwannomas to identify (1) those at risk of bilateral disease, (2) those at risk of developing other tumours, and (3) other family members at risk of developing NF2. Comparing tumour and blood DNA cannot exclude mosaicism in the index case and cannot, therefore, be used to predict those at risk of developing further tumours. However, identification of both mutations or one mutation plus LOH in the tumour and exclusion of those mutations in the blood samples of the sibs or offspring of the affected case may be sufficient to render further screening unnecessary in these relatives."
101,12219090,"Interferon regulatory factor 6 (IRF6) belongs to a family of nine transcription factors that share a highly conserved helix-turn-helix DNA-binding domain and a less conserved protein-binding domain. Most IRFs regulate the expression of interferon-alpha and -beta after viral infection, but the function of IRF6 is unknown. The gene encoding IRF6 is located in the critical region for the Van der Woude syndrome (VWS; OMIM 119300) locus at chromosome 1q32-q41 (refs 2,3). The disorder is an autosomal dominant form of cleft lip and palate with lip pits, and is the most common syndromic form of cleft lip or palate. Popliteal pterygium syndrome (PPS; OMIM 119500) is a disorder with a similar orofacial phenotype that also includes skin and genital anomalies. Phenotypic overlap and linkage data suggest that these two disorders are allelic. We found a nonsense mutation in IRF6 in the affected twin of a pair of monozygotic twins who were discordant for VWS. Subsequently, we identified mutations in IRF6 in 45 additional unrelated families affected with VWS and distinct mutations in 13 families affected with PPS. Expression analyses showed high levels of Irf6 mRNA along the medial edge of the fusing palate, tooth buds, hair follicles, genitalia and skin. Our observations demonstrate that haploinsufficiency of IRF6 disrupts orofacial development and are consistent with dominant-negative mutations disturbing development of the skin and genitalia."
102,12567410,"CDMP-1, a cartilage-specific member of the TGFss superfamily of secreted signaling molecules, plays a key role in chondrogenesis, growth and patterning of the developing vertebrate skeleton. Homozygous CDMP-1 mutations cause Hunter-Thompson and Grebe types of acromesomelic chondrodysplasia and DuPan syndrome in humans, as well as brachypodism in mice, while heterozygous mutations cause brachydactyly type C (BDC). We present clinical and radiographic data from three unrelated families in which 12 members share the same heterozygous CDMP-1 mutation, an insertion (insG206), resulting in a frameshift predicted to cause functional haploinsufficiency. Although eight mutation carriers display BDC, four have normal hands and feet, confirming nonpenetrance of BDC with CDMP-1 mutations. In addition, several carriers have other skeletal abnormalities, including severe bilateral vertical talus (in two), developmental hip dysplasia (in one), and short stature (in two, who are otherwise unaffected). Premature vertebral end-plate disease was observed in four mutation carriers and was associated with spondylolysis and spondylolisthesis in three of these. Axial skeletal involvement has not been previously reported in association with CDMP-1 mutations. This finding is consistent with CDMP-1 expression in human hypertrophic chondrocytes, which are present in the ring epiphyses of vertebral end plates. Phenotypic variation in BDC has previously been attributed either to locus heterogeneity or to the varied functional effects of different CDMP-1 mutations. The remarkable range of phenotypes caused by this identical CDMP-1 mutation in these families emphasizes the crucial role of genetic background, stochastic variation and/or environmental factors in modifying the observed phenotype. Our findings illustrate that nonpenetrance for the typical features of BDC can be appreciable and that atypical skeletal features that have been reported in some patients with BDC (i.e., clubfoot, short stature, spondylolysis) may also result from CDMP-1 mutation."
103,12868482,A mother and daughter with Gorlin syndrome with similar neuroradiological findings are reported. These include calcification of the falx cerebri and tentorium cerebelli and dysgenesis of the corpus callosum and vermis. Vermian dysgenesis was detected in both mother and daughter suggesting a previously unrecognized finding associated with Gorlin syndrome.
104,12900905,"We present the case of a 14-year-old Japanese girl who had both Gorlin syndrome and ulcerative colitis. She had complained of blood stools for 6 months and severe scoliosis from her infancy. Physical examination revealed multiple nevi, palmar and plantar pits, jaw cysts, and calcification of the falx cerebri, leading to the diagnosis of Gorlin syndrome. Total colonoscopy revealed an edematous and spotty bleeding mucosa extending from the anus to the transverse colon. Histological examination was also compatible with ulcerative colitis. Thus, we diagnosed her as having Gorlin syndrome with ulcerative colitis. Gene analysis revealed a mutation, 1247InsT, in the human patched gene (PTCH), resulting in the truncation of PTCH protein. Since Gorlin syndrome and ulcerative colitis are rare disorders in childhood, this association is interesting, suggesting a correlation between the hedgehog signaling and intestinal disorders."
105,14699618,"The phenotype of Gorlin-Goltz syndrome or basal cell nevus syndrome (BCNS, #109400, OMIM), a Mendelian trait due to PTCH mutations has been reported in a few cases of interstitial deletion of chromosome 9q. We present an 11-year-old girl with clinical features consistent with BCNS including bridging of sella turcica, biparietal bossing, downward slanting palpebral fissures, mandible prognathism, pectus excavatum, thumb abnormalities, occult spina bifida at L5-S4, numerous basal cell nevi, and single basal cell carcinoma. Cytogenetic analysis using high-resolution banding techniques and fluorescence in situ hybridization (FISH) revealed interstitial chromosome deletion 9q22.32-q33.2 involving the PTCH gene as a secondary breakage event to a chromosome translocation t(9;17)(q34.1;p11.2)mat. Further FISH studies showed the translocation breakpoint on 9q34.11 maps proximal to ABL, between the BAC clone RP11-88G17 and the LMX1B gene. The latter gene encodes a transcription factor, in which loss of function mutations are responsible for the nail-patella syndrome (NPS, #161200 OMIM). Interestingly, some features of our proband (e.g., bilateral patellar dysplasia and abnormal clavicular shape), as well as her healthy sister who carries the same translocation, are also found in patients with NPS. The chromosome 17p11.2 breakpoint maps in the Smith-Magenis syndrome common deletion region, within two overlapping BAC clones, CTD-2354J3 and RP11-311F12."
106,14735582,"Brachydactyly type C (BDC) is characterized by shortening of the middle phalanges of the index, middle, and little finger with hyperphalangy, usually of the index and middle finger. Heterozygous mutations of the cartilage derived morphogenetic protein-1 (CDMP1) resulting in a loss of function have been reported in BDC. We here describe a large kindred with a semi-dominant form of BDC and pronounced ulnar deviation of the second and third digits. In this family a novel homozygous missense mutation was identified (517A > G) changing methionine to valine at amino acid position 173. The mutation is located within a highly conserved seven amino acid region of the prodomain of CDMP1. Hand radiographs of heterozygous mutation carriers showed mild shortening of the metacarpals IV and V; a finding confirmed by the analysis of their metacarpophalangeal profiles (MCPPs). The mutation described here points toward an important function of the prodomain for the folding, secretion, and availability of biologically active CDMP1."
107,15150776,"Mutations have been found in the UBE3A gene (E6-AP ubiquitin protein ligase gene) in many Angelman syndrome (AS) patients with no deletion, no uniparental disomy, and no imprinting defect. UBE3A mutations are more frequent in familial than in sporadic patients and the mutations described so far seem to cause similar phenotypes in the familial affected cases. Here we describe two first cousins who have inherited the same UBE3A frameshift mutation (duplication of GAGG in exon 10) from their asymptomatic mothers but present discordant phenotypes. The proband shows typical AS features. Her affected cousin shows a more severe phenotype, with asymmetric spasticity that led originally to a diagnosis of cerebral palsy. Proband's brain MRI shows mild cerebral atrophy while her cousin's brain MRI shows severe brain malformation. This family demonstrates that, although brain malformation is unusual in AS, presence of a brain malformation does not exclude the diagnosis of AS. Also, this UBE3A mutation was transmitted from the cousin's grandfather to only two sisters among eight full siblings, raising the hypothesis of mosaicism for this mutation."
108,15190457,"Neurofibromatosis 2 (NF2) is an autosomal dominant disease that is characterized by tumors on the vestibular branch of the VIII cranial nerve, but other types of nervous system tumors usually occur as well. Genotype-phenotype correlations are well documented for overall NF2 disease severity but have not been definitively evaluated for specific types of non-VIII nerve tumors. We evaluated genotype-phenotype correlations for various types of non-VIII nerve tumors in 406 patients from the population-based United Kingdom NF2 registry, using regression models with the additional covariates of current age and type of treatment center (specialty or nonspecialty). The models also permitted consideration of intrafamilial correlation. We found statistically significant genotype-phenotype correlations for intracranial meningiomas, spinal tumors, and peripheral nerve tumors. People with constitutional NF2 missense mutations, splice-site mutations, large deletions, or somatic mosaicism had significantly fewer tumors than did people with constitutional nonsense or frameshift NF2 mutations. In addition, there were significant intrafamilial correlations for intracranial meningiomas and spinal tumors, after adjustment for the type of constitutional NF2 mutation. The type of constitutional NF2 mutation is an important determinant of the number of NF2-associated intracranial meningiomas, spinal tumors, and peripheral nerve tumors."
109,15470370,"Angelman syndrome (AS) can result from either a 15q11-q13 deletion (del), paternal uniparental disomy (UPD), imprinting, or UBE3A mutations. Here, we describe the phenotypic and behavioral variability detected in 49 patients with different classes of deletions and nine patients with UPD. Diagnosis was made by methylation pattern analysis of exon 1 of the SNRPN-SNURF gene and by microsatellite profiling of loci within and outside the 15q11-q13 region. There were no major phenotypic differences between the two main classes (BP1-BP3; BP2-BP3) of AS deletion patients, except for the absence of vocalization, more prevalent in patients with BP1-BP3 deletions, and for the age of sitting without support, which was lower in patients with BP2-BP3 deletions. Our data suggest that gene deletions (NIPA1, NIPA2, CYF1P1, GCP5) mapped to the region between breakpoints BP1 and BP2 may be involved in the severity of speech impairment, since all BP1-BP3 deletion patients showed complete absence of vocalization, while 38.1% of the BP2-BP3 deletion patients were able to pronounce syllabic sounds, with doubtful meaning. Compared to UPD patients, deletion patients presented a higher incidence of swallowing disorders (73.9% del x 22.2% UPD) and hypotonia (73.3% del x 28.57% UPD). In addition, children with UPD showed better physical growth, fewer or no seizures, a lower incidence of microcephaly, less ataxia and higher cognitive skills. As a consequence of their milder or less typical phenotype, AS may remain undiagnosed, leading to an overall underdiagnosis of the disease."
110,15734008,"To report new ocular manifestations of branchio-oculo-facial (BOF) syndrome.

Case report.

A 10-year-old girl with known BOF syndrome was referred because of a fundus lesion in her left eye.

She had undergone excision of a left orbital dermoid cyst at age 18 months and a branchial cleft fistula from the right side of neck at age 4 years. Examination disclosed openings of sinus tracts on each side of the nose connecting the lacrimal sac to skin. In the right eye, an iris pigment epithelial cyst was confirmed with ultrasound biomicroscopy. In the left eye, there was a combined hamartoma of the retina and retina pigment epithelium.

BOF syndrome can display mild to severe craniofacial, auricular, oral, and ophthalmic anomalies. In this case, the ophthalmic manifestations included lacrimal sac fistula, orbital dermoid cyst, iris pigment epithelial cyst, and combined hamartoma of the retina and retinal pigment epithelium."
111,16401744,"Angelman syndrome (AS) is a neurogenetic disorder characterized by severe mental retardation, speech disorder, stereotyped jerky movements, and a peculiar behavioral profile, with a happy disposition and outbursts of laughter. Most patients with AS present with epilepsy and suggestive electroencephalographic patterns, which may be used as diagnostic criteria.

To study epilepsy and response to treatment in a series of patients with AS determined by deletion.

Parent and caregiver interview and medical record review.

Epilepsy Center at the University of S√£o Paulo.

Nineteen patients with AS determined by deletion of chromosome 15q11-13.

Epilepsy severity, epilepsy evolution, and response to antiepileptic drug treatment.

All patients with AS in this group had generalized epilepsy, and 10 (53%) also had partial epilepsy. Main seizure types were atypical absences and myoclonic and tonic-clonic seizures. Mean age at onset was 1 year 1 month. Epilepsy aggravated by fever occurred in 10 patients (53%) and status epilepticus in 16 (84%). Eighteen patients (95%) had previous or current history of daily seizures, of which 14 (64%) had disabling seizures. Multiple seizure types were observed in 13 patients (53%). History of refractory epilepsy was reported in 16 patients (84%). Parents reported improvement, characterized by decrease in seizure frequency or seizure control, at the mean age of 5.3 years. Therefore, most of these patients had a period of refractory epilepsy; however, improvement occurred during late childhood and puberty. The best therapeutic response was obtained with valproic acid alone or in association with phenobarbital or clonazepam. Epilepsy was aggravated by carbamazepine, oxcarbazepine, and vigabatrin.

Patients with AS with deletion have epilepsy with early onset and stereotyped electroclinical profile regarding seizure type, severity, and response to antiepileptic drug treatment. Another feature of AS is the age-related improvement, even in refractory cases, during late childhood and puberty. These characteristics are not specific to this syndrome but, when inserted in the proper clinical context, may anticipate diagnosis. We believe that AS should be considered a differential diagnosis in developmentally delayed infants with severe, generalized, cryptogenic epilepsy; however, a proper electroclinical delineation of each genetic group is mandatory."
112,17353411,"To gain insight into the pathogenesis of neurofibromatosis type 2 (NF2) by investigating the ocular manifestations of this disease.

Using standard histologic techniques, immunohistochemistry, and electron microscopy, we described the ocular pathologic findings of a 34-year-old woman who died from complications of NF2.

We identified 3 types of NF2-associated lesions: juvenile posterior subcapsular cataracts, epiretinal membranes, and an intrascleral schwannoma.

Our analysis indicated that dysplastic lens cells accumulate just anterior to the posterior lens capsule in juvenile posterior subcapsular cataracts and that dysplastic M√ºller cells may be a major component of NF2-associated epiretinal membranes. Clinical Relevance Our findings suggest that a subset of glial cells with epithelial features (Schwann cells, ependymal cells, and M√ºller cells) may be particularly sensitive to loss of the NF2 gene. Understanding the molecular basis for this sensitivity may lead to novel strategies for treating NF2."
113,17431915,"We report on wide phenotypic variations within a family with SALL1 mutations; the elder sister presented with a Townes-Brocks syndrome phenotype including external ear anomalies, preaxial polydactyly, and anteriorly placed anus, whereas the younger sister presented with a phenotype resembling Goldenhar syndrome, including atretic ear canals, mandibular hypoplasia, and right preaxial polydactyly as well as an epibulbar dermoid. The mother had abnormal external ears but was otherwise structurally normal, and the father was asymptomatic. Analysis of the SALL1 gene revealed that both daughters were heterozygous for nonsense mutation 1256T>A (L419X), that is present 5' to the region encoding the first double zinc finger. The mother was heterozygous for the L419X mutation. The younger daughter is the first patient with a SALL1 mutation to exhibit a classic Goldenhar syndrome-like phenotype with an epibulbar dermoid. The observation lends further support to the concept that Goldenhar syndrome is an etiologically heterogeneous disorder that may have a genetic basis in some cases."
114,18177466,"Branchio-oto-renal (BOR) and Stickler (STL) syndromes are disorders that include hearing loss among their clinical features. STL syndrome type I (STL1) is a combination of ophthalmic, orofacial, articular, and auditory manifestations, caused by mutations in the COL2A1. BOR syndrome is an autosomal dominant trait encompassing branchial, otic and renal anomalies because of mutations in EYA1, SIX1 and SIX5. In this study, we have clinically and genetically diagnosed a proband that displayed STL1 and BOR syndromes. This patient and his younger brother exhibited hearing loss and cleft palate. Both siblings and their mother also showed myopia, congenital non-progressive vitreous anomaly and a flat face. Taken together, these clinical features are consistent with the diagnosis of a familial case of STL. Sequence analysis revealed in the three patients a novel COL2A1 mutation (c.1468_1475delinsT) that accounted for a STL1 phenotype. The proband also displayed pre-auricular pits, branchial fistulae and renal agenesis that define BOR syndrome. Interestingly, this patient carries an EYA1 mutation, p.R328X, which was not present in the two other patients or in his healthy father, supporting that the mutation arose de novo. In conclusion, this report highlights the importance of molecular testing and detailed clinical evaluation for the diagnosis of syndromes with overlapping phenotypic features."
115,18220287,"Branchio-oto-renal syndrome (BOR) is an autosomal dominant disorder characterized by the association of branchial and external ear malformations, hearing loss, and renal anomalies. The phenotype varies from ear pits to profound hearing loss, branchial fistulae, and kidney agenesis. The most common gene mutated in BOR families is EYA1, a transcriptional activator. Over 80 different disease-causing mutations have been published (www.healthcare.uiowa.edu/labs/pendredandbor/, last accessed 20 November 2007). We analyzed the EYA1 coding region (16 exons) from 435 families (345 at the University of Iowa [UI] and 95 at Boys Town National Research Hospital [BTNRH], including five at both) and found 70 different EYA1 mutations in 89 families. Most of the mutations (56/70) were private. EYA1 mutations were found in 31% of families (76/248) fitting established clinical criteria for BOR and 7% of families with questionable BOR phenotype (13/187). Severity of the phenotype did not correlate with type of mutation nor with the domain involved. These results add considerably to the spectrum of EYA1 mutations associated with BOR and indicate that the BOR phenotype is an indication for molecular studies to diagnose EYA1-associated BOR."
116,18423521,"Branchio-oculo-facial syndrome (BOFS) is a rare autosomal-dominant cleft palate-craniofacial disorder with variable expressivity. The major features include cutaneous anomalies (cervical, infra- and/or supra-auricular defects, often with dermal thymus), ocular anomalies, characteristic facial appearance (malformed pinnae, oral clefts), and, less commonly, renal and ectodermal (dental and hair) anomalies. The molecular basis for this disorder is heretofore unknown. We detected a 3.2 Mb deletion by 500K SNP microarray in an affected mother and son with BOFS at chromosome 6p24.3. Candidate genes in this region were selected for sequencing on the basis of their expression patterns and involvement in developmental pathways associated with the clinical findings of BOFS. Four additional BOFS patients were found to have de novo missense mutations in the highly conserved exons 4 and 5 (basic region of the DNA binding domain) of the TFAP2A gene in the candidate deleted region. We conclude BOFS is caused by mutations involving TFAP2A. More patients need to be studied to determine possible genetic heterogeneity and to establish whether there are genotype-phenotype correlations."
117,18478600,"Popliteal pterygium syndrome (PPS) and Van der Woude syndrome (VWS) are caused by mutations in the gene interferon regulatory factor 6 (IRF6). Skeletal, genital malformations and involvement of the skin occur in PPS and orofacial clefting and lip pits occur in both. We report on a patient with unilateral cleft lip and palate, ankyloblepharon, paramedian lip pits, unilateral renal aplasia, and a coronal hypospadias. By sequencing IRF6, we detected a novel missense mutation (Arg339Ile). The other family members were unaffected and had no IRF6 mutations, including the patient's brother who was also born with hypospadias. The patient and his brother were both conceived by in vitro fertilization (IVF). It is discussed whether the renal malformation in the patient is related to the IVF procedure or to the IRF6 mutation."
118,19206155,"Branchio-oto-renal syndrome is a heterogeneous disorder inherited in an autosomal dominant pattern, characterized by branchial arch abnormalities, hearing loss and renal abnormalities, with mutations in EYA1 reported in 30-70% of patients. We have applied a molecular testing strategy of sequencing of the complete coding region/flanking intronic regions and multiple ligation probe amplification analysis of EYA1 to a pediatric branchio-oto-renal proband cohort. EYA1 mutations were identified in 82% (14/17) of the probands. We also describe a novel recurrent EYA1 mutation c.867 + 5G > A found in five unrelated affected patients. RNA analysis showed that c.867 + 5G > A affects EYA1 splicing, producing an aberrant mRNA transcript lacking exon 8 and resulting in premature termination in exon 9. The aberrant transcript was present at approximately 50% level of wild-type EYA1 mRNA in fibroblasts, and is predicted to encode an EYA1 protein retaining the amino terminal transcriptional coactivator region but lacking the conserved carboxy terminal Eya phosphatase domain. Patients with the c.867 + 5G > A mutation were found to have more severe renal abnormalities than probands with other mutations in this cohort. Analysis of the c.867 + 5G > A mutation suggests that certain transcripts of EYA1 escape nonsense-mediated decay and encode truncated EYA proteins that may be capable of dominant-negative interactions producing distinct phenotypic features within the branchio-oto-renal spectrum."
119,19476995,"Neurofibromatosis type 2 is an autosomal-dominant multiple neoplasia syndrome that results from mutations in the NF2 tumour suppressor gene located on chromosome 22q. It has a frequency of one in 25,000 livebirths and nearly 100% penetrance by 60 years of age. Half of patients inherit a germline mutation from an affected parent and the remainder acquire a de novo mutation for neurofibromatosis type 2. Patients develop nervous system tumours (schwannomas, meningiomas, ependymomas, astrocytomas, and neurofibromas), peripheral neuropathy, ophthalmological lesions (cataracts, epiretinal membranes, and retinal hamartomas), and cutaneous lesions (skin tumours). Optimum treatment is multidisciplinary because of the complexities associated with management of the multiple, progressive, and protean lesions associated with the disorder. We review the molecular pathogenesis, genetics, clinical findings, and management strategies for neurofibromatosis type 2."
